date,TA_f,VPD_f,SW_IN_f,FC_2_f,GPP_FC_2_rei_f,RECO_FC_2_rei_f,GPP_FC_2_fal_f,RECO_FC_2_fal_f,GPP_FC_2_las_f,RECO_FC_2_las_f
2020-09-30,,,,,,,,,,
2020-10-01,,,,,,,,,,
2020-10-02,297.5538888888889,1386.9726797222222,,-0.44414535355714285,1.0122060098310317,0.5680606562738887,1.582548352259219,1.1384029987020758,1.4405677126017729,0.9964223590446301
2020-10-03,296.14225,1434.517986111111,,-0.6056799732685715,1.263124929993911,0.6574449567253394,1.8746245259353642,1.2689445526667926,1.7640396932207747,1.1583597199522035
2020-10-04,295.1861805555556,1352.1909791666667,,-0.7735289595057143,1.3367433940704831,0.5632144345647689,1.9691690217054856,1.1956400621997716,1.8198563427523524,1.046327383246638
2020-10-05,294.4874930555556,1361.0645000000002,,-0.8254470501657143,1.308621580251878,0.4831745300861637,1.9706569237772513,1.145209873611537,1.7924052388713319,0.9669581887056174
2020-10-06,295.3445763888889,1485.9899097222224,,-0.7978861894514285,1.2065470838927406,0.4086608944413122,2.0033834716702503,1.2054972822188217,1.7223914363920072,0.9245052469405786
2020-10-07,296.8658125,1713.7436476851854,,-0.6325969032942856,1.0579416859850037,0.4253447826907182,1.9581382876223976,1.3255413843281116,1.5999138252783622,0.9673169219840766
2020-10-08,297.8679305555556,1881.249549557166,,-0.4644470447254285,0.9812501405564705,0.516803095831042,1.879057324002847,1.4146102792774184,1.5003706627305524,1.035923618005124
2020-10-09,297.97797916666667,1890.321910668277,,-0.2792298230711429,0.9351368322064638,0.6559070091353211,1.705556158831208,1.4263263357600653,1.4563805850307248,1.1771507619595822
2020-10-10,297.1173888888889,1671.8053671497585,,-0.20349328701114286,0.9205431947019834,0.7170499076908406,1.5801999661232513,1.3767066791121085,1.5402421462181162,1.3367488592069734
2020-10-11,296.4785972222222,1426.3042569444444,,-0.3540479855328571,1.0399708562084868,0.6859228706756296,1.697184131617586,1.3431361460847289,1.9416696002997325,1.5876216147668754
2020-10-12,296.2975138888889,1605.7312847222222,,-0.47135817181571427,1.106955404737224,0.6355972329215098,1.816937400671775,1.3455792288560604,2.4152986404123276,1.9439404685966135
2020-10-13,295.9582222222222,1808.2915,,-0.5011710272677142,1.1220343552002012,0.6208633279324869,1.8231505597941264,1.3219795325264123,2.4679541424616778,1.9667831151939639
2020-10-14,295.15732638888886,1841.3421180555554,,-0.4767956627005714,1.0788845528996278,0.6020888901990563,1.7024799194219742,1.2256842567214028,2.1673318903930006,1.690536227692429
2020-10-15,293.7969166666667,1514.119736111111,,-0.5327857539034286,1.0766395970951363,0.5438538431917078,1.652981648515894,1.1201958946124655,1.73284402487987,1.2000582709764416
2020-10-16,292.6259583333333,1279.2667916666667,,-0.5456558854045714,1.0827721778816797,0.5371162924771085,1.5940948379994733,1.0484389525949018,1.5776282385102733,1.031972353105702
2020-10-17,291.62272916666666,1187.579020833333,,-0.2733712572545495,0.9781311072362838,0.7047598499817344,1.3479726728296662,1.074601415575117,1.411377599686854,1.1380063424323044
2020-10-18,292.0016180555555,1290.0546944444443,,0.00704260584429169,0.9660110291272366,0.9730536349715283,1.1549971203970741,1.1620397262413664,1.3291398738159146,1.336182479660206
2020-10-19,293.7224236111111,1531.0918958333332,,0.2783758170574346,0.8809654722021448,1.1593412892595794,1.00742071181552,1.2857965288729547,1.1799939401309552,1.4583697571883896
2020-10-20,296.5196041666667,1730.0574236111108,,0.502713094565984,0.9255267059042778,1.4282398004702619,0.9089646445334473,1.4116777390994315,1.0321887903722973,1.5349018849382814
2020-10-21,298.10359027777776,1626.1396041666667,,1.1340599079655844,0.7144539276743354,1.8485138356399196,0.32477496058620253,1.4588348685517871,0.6527598571438858,1.7868197651094704
2020-10-22,297.99513194444444,1386.4532675827422,,1.6936943599655845,0.5676771003855193,2.2613714603511035,-0.2651828694161827,1.428511490549402,0.3232724929822327,2.0169668529478173
2020-10-23,296.18354166666666,1242.4359273049647,,2.0453753322755843,0.5028436165127869,2.548218948788371,-0.6955861874855301,1.3497891447900543,0.2102440833717796,2.255619415647364
2020-10-24,294.2001666666667,1164.6890036938537,,1.9470648150428573,0.729720566215752,2.6767853812586093,-0.6776650820272675,1.2693997330155897,0.4315077806754002,2.378572595718257
2020-10-25,293.4196258865248,1198.0310888002366,,1.947655369202857,0.9978686717286385,2.945524040931496,-0.7167248183283491,1.230930550874508,0.7157198594744066,2.663375228677264
2020-10-26,293.4310494976359,1224.5021328309692,,1.8653607100114284,0.9764353113948312,2.84179602140626,-0.6890133460224699,1.1763473639889588,0.7310648476967451,2.5964255577081734
2020-10-27,293.3200147754137,1271.9415772754137,,1.8133057922914286,1.056407049135944,2.8697128414273725,-0.690395324538899,1.12291046775253,0.7750207896509501,2.5883265819423786
2020-10-28,293.3123611111111,1317.4327454196218,,1.4646303671571428,1.2081347966305387,2.6727651637876817,-0.3643165851771746,1.1003137819799684,0.8731381441724909,2.337768511329634
2020-10-29,294.0589097222222,1442.9505555555559,,0.9194600675057143,1.6648959872014961,2.5843560547072104,0.22088446192708078,1.1403445294327954,1.759491518274035,2.6789515857797492
2020-10-30,295.31470138888886,1625.7700972222221,,0.4119881261057143,1.8636555118493288,2.2756436379550435,0.7999227592215054,1.21191088532722,3.407096353087891,3.819084479193606
2020-10-31,295.3376319444444,1594.320964539007,,0.17214605858857138,1.8379047223793379,2.010050780967909,1.0433256089980234,1.215471667586595,3.890814507709724,4.062960566298295
2020-11-01,295.24117361111115,1586.4054923167848,,0.22027888502857138,1.555372522404064,1.7756514074326357,1.0161580058996993,1.2364368909282708,3.417610073439699,3.6378889584682703
2020-11-02,295.52836288416074,1521.0623662825062,,-0.37094854111428566,1.4246418343504637,1.053693293236178,1.6208723166631376,1.249923775548852,2.228353701807958,1.8574051606936726
2020-11-03,296.07505038416076,1511.480214243499,,-0.5929279674148051,1.17857523424674,0.5856472668319351,1.8796654195218874,1.2867374521070822,1.964020456223485,1.37109248880868
2020-11-04,295.92963468648634,1362.470855877866,,-0.4921708799005194,0.8320275982079458,0.3398567183074264,1.7011358562802572,1.208964976379738,1.6794294590419419,1.187258579141422
2020-11-05,296.23461307216684,1362.8792805232558,,0.3831583019623377,0.3224348489787642,0.7055931509411019,0.7917092609289544,1.1748675628912923,0.9168517970913171,1.3000100990536547
2020-11-06,296.6320103830415,1410.432702065809,,1.0043519374142857,0.10620247435629232,1.1105544117705781,0.19257415259076716,1.1969260900050531,0.3620459398731752,1.3663978772874608
2020-11-07,296.52309274738263,1391.510289598109,,1.311694538122857,0.08944514248163841,1.4011396806044958,-0.06414765197623626,1.247546886146621,0.179949991080662,1.4916445292035192
2020-11-08,295.24151152482267,1245.1232124704493,,1.3113076741171426,0.22232861294895015,1.5336362870660931,-0.0708404013458751,1.240467272771268,0.3189731182171429,1.630280792334286
2020-11-09,294.49424202127653,1122.426552895981,,1.1579039765638959,0.32405219647621153,1.4819561730401076,0.01571594544933634,1.1736199220132326,0.43796635826111324,1.5958703348250094
2020-11-10,293.9653199198273,1169.5477129201356,,0.9518428370770389,0.43730057051603594,1.3891434075930749,0.19579210879665876,1.1476349458736979,0.5929642204838368,1.5448070575608759
2020-11-11,294.1339298489053,1258.3143724946037,,1.3200699325484677,0.48213599335153495,1.8022059259000025,-0.18499247928362664,1.1350774532648409,0.7672811803899294,2.087351112938397
2020-11-12,294.07118398602114,1356.8592980265187,,1.2745099144134289,0.5383033577076465,1.812813272121075,-0.12164522373204721,1.1528646906813815,0.8931626835841708,2.167672597997599
2020-11-13,294.93185229959164,1372.928184719536,,1.4195188459974286,0.5010784911534695,1.920597337150898,-0.2631560151325993,1.1563628308648295,0.8293613149528355,2.248880160950264
2020-11-14,295.6555328282828,1229.0534574314574,,1.0940256622117144,0.48506333049783407,1.5790889927095482,0.06036783160419667,1.1543934938159108,0.7183007928711684,1.8123264550828828
2020-11-15,296.69728347427764,1320.0735078190544,,0.86299115922,0.4599810025607511,1.3229721617807508,0.3187055933188404,1.1816967525388404,0.6514771695209257,1.5144683287409257
2020-11-16,295.9665576522274,1101.554950759093,,0.35546716135857154,0.5546671961573045,0.9101343575158759,0.8109777260582538,1.1664448874168254,0.7035857190837257,1.059052880442297
2020-11-17,295.2355225136071,1088.4385503875967,,-0.2521591517214284,0.893889929475142,0.6417307777537135,1.4105221886203594,1.1583630368989306,0.9412626040906614,0.689103452369233
2020-11-18,294.23565957446806,1042.314283687943,,-0.34028544940999983,1.160381164278257,0.8200957148682573,1.4664399688988328,1.126154519488833,1.071467151902531,0.7311817024925311
2020-11-19,294.422903073286,1259.9939259751773,,-0.11861309802857121,1.377874461205746,1.2592613631771747,1.2597279212605788,1.1411148232320074,1.16270223267517,1.0440891346465984
2020-11-20,294.38825576241135,1467.509589243499,,0.23949113873142872,1.2324401713596258,1.4719313100910545,0.9053504730026202,1.1448416117340487,0.9973755524149848,1.2368666911464135
2020-11-21,293.8449444444445,1409.7919791666666,,0.8105218113600001,1.0470300365155818,1.8575518478755815,0.2851831318140308,1.0957049431740309,0.894849612711626,1.705371424071626
2020-11-22,293.02465277777776,1382.541701388889,,1.40492192484,0.8251247967692871,2.230046721609287,-0.38120870151172387,1.0237132233282762,0.8447313464595086,2.249653271299509
2020-11-23,291.914125,1248.6878333333334,,1.6656450703720003,0.6855088535240833,2.3511539238960832,-0.7124431029118171,0.953201967460183,0.8345529492554284,2.5001980196274283
2020-11-24,291.16058333333336,1172.4853472222223,,1.79860485503158,0.5648232353644825,2.3634280903960625,-0.9051591738768563,0.8934456811547239,0.7822982154827685,2.5809030705143483
2020-11-25,290.46193646572107,973.3101240942028,,1.7949889702705173,0.45445121108462777,2.2494401813551446,-0.9614236314389629,0.8335653388315544,0.6578796015970152,2.452868571867532
2020-11-26,290.08175591016544,791.056339673913,,0.7300403576985172,0.9569287646670271,1.6869691223655445,0.04753067330752536,0.7775710310060427,1.1517548625533693,1.8817952202518864
2020-11-27,290.0462836879433,772.3157841183574,,-0.17487397752106262,1.2758548900820992,1.1009809125610364,0.9491248520965568,0.7742508745754945,1.4538550585650054,1.2789810810439426
2020-11-28,290.5440709219858,830.4574354871176,,-0.8347142006057141,1.349012808870983,0.5142986082652689,1.6435858700881827,0.8088716694824688,1.5530359051069358,0.7183217045012219
2020-11-29,291.35067508865245,854.2773046296296,,-0.04090938145028553,0.7818013077015928,0.7408919262513071,0.9144689638015709,0.8735595823512855,1.0407885645833923,0.9998791831331069
2020-11-30,292.42590425531915,898.8516449074074,,0.28185072048171445,0.49651834678826495,0.7783690672699791,0.6582481676124003,0.9400988880941147,0.825165135787237,1.1070158562689514
2020-12-01,292.88095833333335,974.5926125,,0.3363773031856554,0.5517593009586862,0.8881366041443414,0.6485823971191064,0.9849597003047617,0.9194501668934753,1.2558274700791305
2020-12-02,292.37659722222224,1086.9237041962176,,0.36608309970324,0.7256436844916762,1.0917267841949159,0.5951442214630073,0.9612273211662471,1.0569359054426026,1.4230190051458422
2020-12-03,291.2548194444444,1053.1522180851064,,0.38689613357124,0.8204694130369345,1.2073655466081743,0.49531127675326175,0.8822074103245017,1.0832287664252547,1.4701248999964946
2020-12-04,290.6781736111111,1017.1709055851064,,0.5354346595370134,0.822852331114594,1.3582869906516073,0.2908805915045474,0.8263152510415607,1.0063429249825466,1.5417775845195603
2020-12-05,289.93047916666666,992.8147083333333,,0.49969317669257163,0.782662101990765,1.2823552786833365,0.2668411295989514,0.766534306291523,0.9157923812062942,1.4154855578988659
2020-12-06,289.6242222222222,981.8419930555555,,0.5050937108640002,0.7894352562447016,1.2945289671087015,0.26475717199540755,0.7698508828594076,0.9023155345028447,1.4074092453668448
2020-12-07,290.2514513888889,1026.5089423758864,,0.41427573777896126,0.8587669561585702,1.273042693937531,0.4219920535485522,0.8362677913275135,0.9954463550297659,1.409722092808727
2020-12-08,291.9776180555555,1114.1078243203308,,0.5646108996303898,0.7951922187756001,1.3598031184059896,0.3800344936875089,0.9446453933178987,0.9570067471825731,1.5216176468129632
2020-12-09,292.00377083333336,1060.7940673758865,,0.4617323205568833,0.791091341606604,1.2528236621634872,0.48657716578749355,0.9483094863443768,0.9664280980579673,1.4281604186148504
2020-12-10,292.54372222222224,1005.379486111111,,0.4942690192019223,0.7108294781058068,1.2050984973077288,0.4901513220531382,0.9844203412550606,1.0003192394565772,1.4945882586584995
2020-12-11,293.7545694444444,1019.6644583333332,,0.3630614614019223,0.8558813052196164,1.2189427666215382,0.7179761186400716,1.081037580041994,1.494613428285102,1.8576748896870245
2020-12-12,296.04597222222225,1140.6682430555554,,0.5391624501840001,0.9227367315270509,1.4618991817110512,0.6896658584703573,1.2288283086543577,2.178309552610805,2.7174720027948056
2020-12-13,296.20822916666674,1206.6376458333332,,0.6411102710898704,0.9248225895607306,1.5659328606506007,0.5962155837854746,1.237325854875345,2.6657241286989675,3.3068343997888383
2020-12-14,294.8122916666667,1053.8299513888887,,0.442813279984112,0.9147607146387173,1.3575739946228291,0.7153567266582286,1.1581700066423408,2.4038800940824148,2.846693374066527
2020-12-15,292.86829861111113,980.5278263888887,,0.21659631234068352,0.878342432408514,1.0949387447491972,0.8426134274903534,1.0592097398310372,1.7552987894490393,1.9718951017897233
2020-12-16,291.3119097222222,817.9906874999998,,0.07375736825756662,0.8365938656640527,0.910351233921619,0.8832461366192295,0.9570035048767961,1.1096307875174931,1.1833881557750598
2020-12-17,290.6025347222222,833.1914861111109,,0.33797424254561054,0.6657119614387483,1.0036862039843586,0.552621145450785,0.8905953879963957,0.8477290049865877,1.1857032475321985
2020-12-18,290.03229166666665,837.4276220238094,,0.9121604237690392,0.6856445759443309,1.5978049997133699,-0.07266759344212452,0.8394928303269147,0.8938767303108129,1.806037154079852
2020-12-19,289.6857638888889,847.6097457826745,,1.316095804482286,0.68635028296173,2.0024460874440155,-0.5053433471590169,0.8107524573232693,0.9327365840883665,2.2488323885706527
2020-12-20,290.0728194444444,891.7189055048967,,1.4027979193371432,0.679221871296054,2.082019790633197,-0.5697137032228122,0.8330842161143309,0.9532015651293656,2.355999484466509
2020-12-21,290.74677083333336,910.8030265366428,,1.1511654926314288,0.6190682211512989,1.7702337137827275,-0.2771990226790819,0.8739664699523471,0.9092350839779434,2.0604005766093723
2020-12-22,291.49090277777776,1020.2206458333334,,0.9448374872038964,0.7301198548426902,1.6749573420465864,-0.019823466622115288,0.9250140205817812,1.1918745861463642,2.1367120733502607
2020-12-23,291.61593055555556,1000.501423611111,,1.066886498116364,0.6977832673038432,1.7646697654202068,-0.14880685329199117,0.9180796448243728,1.4878717298226523,2.554758227939016
2020-12-24,291.89152777777775,1011.8418051122931,,0.9772202653776625,0.6247128726029592,1.6019331379806214,-0.07356610527123932,0.9036541601064233,1.4938043755276318,2.4710246409052945
2020-12-25,291.7055277777778,1067.4419231678487,,0.9361776696851951,0.43212456576031116,1.3683022354455059,-0.06273518181228828,0.8734424878729068,1.1148741424781548,2.0510518121633496
2020-12-26,290.4492361111111,1155.813082890071,,0.7498848305984418,0.4108931818800852,1.1607780124785267,0.052272508795845864,0.8021573393942877,0.7386694036574983,1.48855423425594
2020-12-27,289.0873611111111,1124.8053958333333,,0.6846742124875327,0.4859890968598715,1.170663309347404,0.05789876622594051,0.7425729787134733,0.6898440947428551,1.3745183072303877
2020-12-28,289.16495966312056,1081.9667811761228,,0.6020213541914289,0.6148908934868736,1.216912247678302,0.14793116429701106,0.74995251848844,0.9225185380965416,1.5245398922879703
2020-12-29,289.2548624408983,1037.740656176123,,0.3714498179914288,0.8722616013424958,1.2437114193339245,0.40415551783276654,0.7756053358241953,1.4369151120086958,1.8083649300001243
2020-12-30,289.15574438534276,1042.1388114791532,,0.16778954280389632,0.9441997957544235,1.1119893385583195,0.5972713700517013,0.7650609128555977,1.5780397727848043,1.7458293155887006
2020-12-31,288.05510416666664,980.3933150252525,,-0.12554897619542835,1.0505498799437796,0.9250009037483512,0.8364694775627411,0.7109205013673129,1.5495880586739912,1.4240390824785631
2021-01-01,288.20406249999996,940.7062525252526,,-0.011800709978285492,0.9144921313636263,0.9026914213853404,0.7047393534406662,0.6929386434623809,1.1426706070389943,1.130869897060709
2021-01-02,288.30797916666666,938.9729513888889,,0.15662436121314308,0.7876327515245863,0.9442571127377292,0.5251587063448623,0.6817830675580053,0.9456128961572005,1.1022372573703436
2021-01-03,287.99713194444445,980.1023301767676,,0.32448665728628595,0.6488939119238553,0.9733805692101409,0.3319247371465058,0.6564113944327917,0.8301769171106709,1.1546635743969567
2021-01-04,287.3014444444445,975.9822875841751,,0.19343005869747076,0.6634195568839166,0.8568496155813873,0.4328621163979878,0.6262921750954588,0.8839037366896877,1.0773337953871585
2021-01-05,286.9267222222222,955.6204602693603,,0.15924989574670015,0.5917139992054898,0.7509638949521898,0.45608833294372664,0.6153382286904269,0.855145486232837,1.0143953819795373
2021-01-06,287.0186527777778,895.0826856481481,,-0.05388700575101413,0.479113049690493,0.4252260439394786,0.6588830533184135,0.6049960475673993,0.7853067859738108,0.7314197802227965
2021-01-07,286.6611527777778,740.7398949074076,,-0.09012407160219894,0.26139956252439883,0.17127549092219962,0.6652755519413774,0.5751514803391786,0.5578396298557485,0.46771555825354955
2021-01-08,286.2676467198582,543.5852146867613,,0.2286385915700886,0.21639919773604263,0.44503778930613097,0.329717210973481,0.5583558025435696,0.5241579488755624,0.7527965404456509
2021-01-09,286.5828619976359,612.6626313534279,,0.3203810649500886,0.24324986439580884,0.5636309293458971,0.25776181336857396,0.5781428783186626,0.5984953444079535,0.918876409358042
2021-01-10,286.9076467198582,740.0573882978723,,0.4559103673347886,0.28600753676757745,0.7419179041023658,0.13887214938103276,0.5947825167158215,0.7416250365619095,1.1975354038966979
2021-01-11,287.72622222222225,941.0868680555554,,0.12743892000368084,0.3175837881314021,0.44502270813508277,0.4910473507104898,0.6184862707141706,0.8558293467046232,0.9832682667083038
2021-01-12,287.50818055555555,922.2318333333333,,0.30509614274822633,0.3329926891753107,0.6380888319235368,0.3056940902725647,0.6107902330207912,0.840376677671293,1.145472820419519
2021-01-13,287.6274583333333,970.1492083333333,,0.4155859593520977,0.3504257594243567,0.7660117187764541,0.20854233548374793,0.6241282948358458,0.7956197706719635,1.211205730024061
2021-01-14,287.30508333333336,962.4295050925925,,0.3948632055665457,0.4127129540416454,0.8075761596081908,0.22338663135390457,0.6182498369204502,0.7817855066475413,1.1766487122140867
2021-01-15,287.16105555555555,951.8311752314816,,0.44488896841457165,0.4091839441702114,0.8540729125847829,0.17302620385594095,0.6179151722705126,0.7421330629231632,1.1870220313377349
2021-01-16,287.6112430555556,976.9936266203704,,0.41798885874272756,0.43618837264137067,0.8541772313840981,0.23105222689973717,0.6490410856424648,0.7636956246570988,1.1816844833998263
2021-01-17,288.2275902777778,1013.7404548611112,,0.5453253728980002,0.3537962822802511,0.8991216551782513,0.15420028568240077,0.6995256585804009,0.6757184386394394,1.2210438115374396
2021-01-18,288.6347847222222,1031.3321925505052,,0.576000692115143,0.34560154173170043,0.9216022338468434,0.17021071198120152,0.7462114040963447,0.6724128953901221,1.2484135875052649
2021-01-19,288.7082013888889,947.8219633838385,,0.4933599206384158,0.36926090787218463,0.8626208285106003,0.26852442305295465,0.7618843436913706,0.7039767074474493,1.197336628085865
2021-01-20,290.0506666666667,914.2328453282829,,0.5850706496406236,0.3886218093106549,0.9736924589512784,0.23920652315233837,0.8242771727929621,0.7210534081396854,1.3061240577803088
2021-01-21,291.90798611111114,925.851013888889,,0.3782401208727275,0.4368596416654335,0.815099762538161,0.5482120788110741,0.9264521996838018,1.2402922756542838,1.618532396527011
2021-01-22,293.71052777777777,1044.3368055555554,,0.4205390342327275,0.3715861722976715,0.792125206530399,0.6109780784744268,1.0315171127071545,2.676178458618995,3.096717492851722
2021-01-23,293.795625,1069.9164861111112,,0.17641079841418206,0.35830085097854675,0.5347116493927286,0.8859902934658447,1.0624010918800268,3.4092425492367027,3.5856533476508847
2021-01-24,293.79809027777776,1050.7963124999999,,0.1543852461298184,0.2965185092304708,0.4509037553602891,0.9051503344933135,1.0595355806231321,3.2891029704835355,3.443488216613354
2021-01-25,293.82634722222224,972.0654444444444,,-0.039936498552181586,0.42723294394070915,0.3872964453885275,1.0977338825848426,1.0577973840326609,2.05394759799479,2.0140110994426084
2021-01-26,294.1055138888889,905.3607638888889,,-0.14063868976854524,0.457290764213637,0.31665207444509175,1.210134552549794,1.0694958627812488,1.386014983893373,1.2453762941248279
2021-01-27,294.57343055555555,937.2937152777777,,-0.4217952752851167,0.4140346355217948,-0.0077606397633219375,1.5064893395621664,1.0846940642770495,0.9947602413203658,0.572964966035249
2021-01-28,294.0637013888889,957.1764791666666,,-0.6791081761195322,0.23197940588894847,-0.44712877023058395,1.7377213847001716,1.0586132085806392,0.6878411995195929,0.008733023400060547
2021-01-29,293.4547916666666,940.6548055555554,,-1.0420934446321037,0.1692095798441086,-0.8728838647879953,2.045678484190018,1.0035850395579144,0.5649163930508385,-0.4771770515812652
2021-01-30,292.8160833333333,924.4762819444444,,-0.5725133820689868,0.1577306178942893,-0.41478276417469767,1.5453640505740243,0.9728506685050377,0.5180448891878101,-0.05446849288117672
2021-01-31,293.16875,965.332476388889,,-0.1392999439027011,0.14475649273201668,0.005456548829315529,1.1311547756954197,0.9918548317927188,0.49709728869576636,0.35779734479306535
2021-02-01,293.77651388888887,1062.9317472222222,,0.3690510560098703,0.09262375205820111,0.46167480806807143,0.6692696085380939,1.0383206645479646,0.4865790734369018,0.8556301294467722
2021-02-02,294.00325694444444,1078.0210069444445,,0.317693971984234,0.05264348186584709,0.370337453850081,0.7265681858085636,1.044262157792798,0.4293801928322094,0.7470741648164435
2021-02-03,293.97016870915036,1025.146779003268,,0.3222644342694028,0.041794816198557926,0.36405925046796067,0.7214342425898791,1.0436986768592822,0.4236786570794126,0.7459430913488155
2021-02-04,294.06762881718765,1001.0016696125621,,0.34618403972418205,0.03802076171091953,0.38420480143510144,0.6984268827559732,1.0446109224801556,0.41249550546856484,0.7586795451927469
2021-02-05,294.2871064806546,979.1012750206779,,0.33119441757953266,0.036714774158111106,0.36790919173764375,0.7193310111320903,1.0505254287116232,0.42260936340415306,0.7538037809836858
2021-02-06,294.7818299246201,1001.4295007985957,,0.3115938315768574,0.04669288736519258,0.35828671894204983,0.735777351036143,1.0473711826130006,0.4433185100215029,0.7549123415983603
2021-02-07,295.4614941712437,1037.0610927992586,,0.1887082248902028,0.14672867648070229,0.3354369013709051,0.8672157324730643,1.0559239573632673,0.5908566056080998,0.7795648304983027
2021-02-08,296.15342405355517,1079.8341076670251,,0.08832011087968854,0.25493886354997025,0.34325897442965864,0.9790135331411883,1.0673336440208772,0.7545917895901318,0.8429119004698205
2021-02-09,296.6849444045846,1123.5866020462538,,0.03008613803738205,0.3500226231716643,0.38010876120904635,1.048079083121841,1.078165221159223,0.8864787290321265,0.9165648670695088
2021-02-10,296.88338005736176,1162.1566325813033,,0.19936803324903918,0.3643906621786989,0.5637586954277379,0.8695122108323678,1.068880244081407,0.882506670570416,1.0818747038194554
2021-02-11,296.57605584491665,1189.3822559165321,,0.20525210788075351,0.3644160006132761,0.5696681084940295,0.8628281762300695,1.068080284110823,0.8825264298690617,1.0877785377498153
2021-02-12,295.7162197296603,1197.3657637005622,,0.1794383005726963,0.35901734708677185,0.5384556476594681,0.8875193561043124,1.0669576566770087,0.8767390662634834,1.0561773668361798
2021-02-13,294.4671319444445,1215.8793686111112,,0.3376587494946288,0.36551099618416805,0.7031697456787969,0.7222443002785132,1.059903049773142,0.8714259285970716,1.2090846780917002
2021-02-14,293.8420763888889,1302.5154722222221,,0.5014809888397145,0.39678682091951356,0.8982678097592279,0.5505297485120709,1.0520107373517857,0.8637291355665773,1.3652101244062917
2021-02-15,293.3486041666667,1329.999263888889,,0.7226703858217145,0.37808169757491056,1.100752083396625,0.3057027493496853,1.0283731351713998,0.7657138732148954,1.4883842590366099
2021-02-16,292.8770434397163,1263.727019355792,,0.5564101231345716,0.44058233706331046,0.9969924601978821,0.44311326963344505,0.9995233927680168,0.8157795458795105,1.372189669014082
2021-02-17,291.9753259456265,1095.7380851063829,,0.24770202262951665,0.43090668942036797,0.6786087120498846,0.697089694331187,0.9447917169607037,0.8456822764116846,1.0933842990412013
2021-02-18,291.2852842789598,973.1259253841608,,-0.13931439820305475,0.4960749128057458,0.35676051460269104,1.039364478312745,0.9000500801096906,0.939086438776989,0.7997720405739343
2021-02-19,290.9502894503546,921.3878990839244,,-0.30753609584934044,0.48444883713730674,0.1769127412879662,1.1952854143417366,0.8877493184923967,0.9072694553922386,0.5997333595428981
2021-02-20,291.8769652777778,1031.910138888889,,0.09570665249571453,0.4302853067145604,0.5259919592102748,0.8509875897484052,0.9466942422441199,0.7823166050930596,0.8780232575887741
2021-02-21,292.0705208333333,1068.1615833333333,,0.24297790126428595,0.6200309083938114,0.8630088096580971,0.7104643397893112,0.9534422410535974,0.9650894225869934,1.2080673238512791
2021-02-22,292.26208333333335,1119.1084375,,0.3032478618423379,0.6273045893332947,0.9305524511756325,0.6377653940337161,0.9410132558760541,1.007535287141322,1.3107831489836599
2021-02-23,291.8495208333334,1113.1067430555556,,0.028293264366883324,0.7354664766282347,0.763759740995118,0.8829200301953607,0.9112132945622443,1.1737429776662132,1.2020362420330966
2021-02-24,292.8150069444444,1237.2657430555555,,0.12269252810688336,0.5659048303077868,0.6885973584146704,0.8554227599514141,0.9781152880582978,1.028925610559992,1.1516181386668753
2021-02-25,293.39654356060606,1224.8388497474748,,0.06839445535254567,0.5863437484060836,0.6547382037586295,0.9233401879788138,0.9917346433313597,1.0158850703885631,1.0842795257411086
2021-02-26,293.3113337176109,1093.7496522345548,,0.07948020941600022,0.6107932227407263,0.6902734321567267,0.8982888562724355,0.9777690656884359,1.0002591116419797,1.07973932105798
2021-02-27,292.7984656620553,1012.8205411234436,,-0.14603529543542834,0.6877941218687468,0.5417588264333185,1.090101260523878,0.9440659650884498,1.0957044484860317,0.9496691530506033
2021-02-28,293.22948460144926,1136.1213441537468,,-0.052409113931428296,0.7433544908269005,0.6909453768954723,1.0546569821469012,1.0022478682154732,1.1871421854681763,1.134733071536748
2021-03-01,293.6475208333333,1242.1826650064597,,0.4511668175120003,0.7617419445322756,1.2129087620442758,0.5607368809361076,1.0119036984481082,1.224757068289632,1.6759238858016323
2021-03-02,294.08342361111113,1260.7748038953487,,1.0402733892948575,0.7149326523190803,1.7552060416139377,-0.004692491517830355,1.0355808977770273,1.1949693961028556,2.235242785397713
2021-03-03,294.18548478132385,1232.688463469817,,0.5787311050240002,0.849841440025174,1.428572545049174,0.4563991136598507,1.0351302186838511,1.3703581303729226,1.949089235396923
2021-03-04,294.08347089243495,1243.775423463357,,-0.13979428378742834,0.9300007839538417,0.7902065001664133,1.1898077637851854,1.0500134799977574,1.4891535989413403,1.3493593151539118
2021-03-05,293.4819889479906,1141.1112526300237,,-0.8428978599188568,0.9841818757466078,0.14128401582775071,1.8044887736991837,0.961590913780327,1.4846747685154627,0.6417769085966057
2021-03-06,292.3841095153664,957.3994581349207,,-0.8091028486718957,0.9150666673222237,0.10596381865032788,1.7093600827582958,0.9002572340864,1.4051158532220303,0.5960130045501345
2021-03-07,292.2294567375887,904.5544170024419,,-0.7271950021614022,1.0400546380763973,0.3128596359149948,1.5946051885874855,0.867410186426083,1.5306463797842176,0.8034513776228153
2021-03-08,291.94711229314424,995.400455891331,,-0.8396500432014022,1.3927119853431413,0.5530619421417389,1.7271857072420864,0.8875356640406843,1.9339921675043092,1.094342124302907
2021-03-09,292.16725694444443,1131.1478963675215,,-0.7994684698695061,1.640687413013856,0.8412189431443498,1.6830828957228727,0.8836144258533668,2.126571364427281,1.3271028945577745
2021-03-10,291.8093611111111,1160.4923641598916,,-1.2164715877799999,2.003646058146517,0.7871744703665179,2.0983300222059422,0.8818584344259423,2.412058926988042,1.1955873392080423
2021-03-11,292.3845694444444,1215.281749495809,,-1.4512654315536837,2.213113129333429,0.7618476977797451,2.3879266608819045,0.9366612293282209,2.583132942184449,1.1318675106307652
2021-03-12,293.3402222222222,1317.00767310692,,-1.3993127268936838,2.1766099062191615,0.7772971793254774,2.41317549066692,1.013862763773236,2.523420372077397,1.1241076451837133
2021-03-13,293.6958055555555,1370.6653575581397,,-1.3507439615845929,2.074069633624971,0.7233256720403779,2.3907664392591332,1.0400224776745404,2.402001308889983,1.05125734730539
2021-03-14,293.88059027777774,1433.9545208333336,,-1.205049820136623,2.025469824796938,0.8204200046603147,2.2542719596575025,1.0492221395208798,2.3039916360903985,1.0989418159537758
2021-03-15,293.8706736111111,1455.3663333333334,,-1.2910540886280517,2.287161129565936,0.9961070409378845,2.342787250368971,1.0517331617409191,2.528561379210977,1.2375072905829259
2021-03-16,294.51718055555557,1525.4270902777778,,-1.0678533343485712,2.401032018527424,1.3331786841788529,2.1692888946491125,1.1014355603005421,2.614441888049418,1.5465885537008468
2021-03-17,294.8482333937198,1527.737404589372,,-0.7309268420914282,2.53529153623523,1.8043646941438019,1.853774194774638,1.12284735268321,2.722974493146552,1.9920476510551233
2021-03-18,294.39472644927537,1530.8887726449277,,-0.9314643568799997,2.608977371187182,1.6775130143071824,2.0159519998206235,1.0844876429406243,2.8008260451069944,1.8693616882269948
2021-03-19,293.00991394927536,1423.0072934782609,,-1.2642055211976622,2.7930088936129582,1.5288033724152965,2.2434748344080675,0.9792693132104056,3.0101541069911684,1.7459485857935064
2021-03-20,291.6259166666667,1321.585423611111,,-1.8406361288890905,2.8544203821708574,1.0137842532817667,2.716424383128007,0.8757882542389165,3.0986154842060913,1.2579793553170007
2021-03-21,290.6295902777778,1215.6890694444444,,-2.024121416809091,3.0082755485198973,0.9841541317108066,2.824531642980586,0.8004102261714955,3.252191678358598,1.2280702615495074
2021-03-22,290.8031480496454,1204.9878249113474,,-1.8220286751899997,2.9408996546248667,1.118870979434867,2.629980473941093,0.8079517987510935,3.1897934657155815,1.367764790525582
2021-03-23,291.26374842843325,1169.3555972461822,,-1.575084041805771,3.19668957610226,1.6216055342964883,2.4007636020546124,0.8256795602488411,3.4691349680863097,1.8940509262805385
2021-03-24,292.00031850419083,1165.786254868921,,-1.5717284082281011,3.3791800042146485,1.8074515959865476,2.453013549579825,0.8812851413517242,3.8519908443882436,2.280262436160143
2021-03-25,292.1344248871696,1144.8962895590232,,-2.247861703103337,3.9376607577559084,1.6897990546525712,3.1761075707566895,0.9282458676533524,4.845975489535756,2.598113786432419
2021-03-26,292.7750572211476,1307.2427265918004,,-2.7037746858932805,3.929053366362433,1.2252786804691527,3.7253064484528466,1.0215317625595668,5.028924627001881,2.325149941108601
2021-03-27,294.1874246453901,1515.5488328579504,,-2.8695890891909506,4.056497191491161,1.18690810230021,4.0075637249395175,1.1379746357485672,5.0488441279858245,2.179255038794875
2021-03-28,295.7997934397163,1701.7651102245864,,-2.883316515925714,4.018878831725756,1.1355623158000416,4.109268566716708,1.2259520507909945,6.055616958151492,3.172300442225778
2021-03-29,296.67648433806147,1676.5819703014186,,-2.9691718901999997,4.230243346120816,1.2610714559208163,4.23801808952956,1.2688461993295606,12.573178578583565,9.604006688383565
2021-03-30,296.5697829491726,1586.2407480791962,,-2.9212850755999997,3.983672941774131,1.0623878661741315,4.179920096057018,1.258635020457018,16.68745051315877,13.766165437558769
2021-03-31,296.73790972222224,1673.6441875,,-2.8409688172000003,4.077188990129416,1.2362201729294162,4.125652182742546,1.2846833655425463,19.966458845095733,17.125490027895733
2021-04-01,296.3678472222222,1577.4620138888888,,-3.515250631085714,4.487496572150463,0.9722459410647493,4.765996614136605,1.2507459830508918,15.704907943081873,12.189657311996159
2021-04-02,295.4845625,1442.1573263888888,,-4.4426391201354285,5.294910919495333,0.8522717993599048,5.635728870089163,1.1930897499537354,13.413414807404559,8.970775687269134
2021-04-03,294.41894444444443,1211.286451388889,,-5.456591820375429,5.59677245884021,0.140180638464782,6.555786798646525,1.0991949782710961,10.725889646070243,5.2692978256948155
2021-04-04,293.75501388888887,1188.1752430555555,,-5.739459652879714,5.662594146025093,-0.07686550685462122,6.79757155413315,1.058111901253435,10.692868422260721,4.9534087693810065
2021-04-05,294.1110763888889,1252.8111041666668,,-5.395113074367142,5.426095163709113,0.03098208934197,6.472010373280597,1.076897298913454,9.657958451602711,4.26284537723557
2021-04-06,294.7745208333333,1322.9374027777778,,-4.893225358412286,5.483656523447711,0.5904311650354258,6.031349053810118,1.1381236953978313,8.072007114383565,3.1787817559712805
2021-04-07,295.50842361111114,1405.0872638888889,,-4.633627649702285,5.840577214502466,1.2069495648001805,5.825438428518983,1.1918107788166983,6.67253826943099,2.0389106197287052
2021-04-08,296.1388813131313,1528.9394248737374,,-4.654068745565142,6.07341103678739,1.4193422912222475,5.8548172402129595,1.2007484946478169,6.306800302496742,1.6527315569316012
2021-04-09,296.0002702020202,1495.301841540404,,-4.469011814571428,6.053424491927788,1.584412677356359,5.657891395862794,1.188879581291366,6.201898262208721,1.7328864476372934
2021-04-10,296.04583270202016,1435.1934739281107,,-4.509189647005714,5.982206002769469,1.473016355763754,5.696021670203919,1.1868320231982046,6.0875625465033885,1.5783728994976751
2021-04-11,296.0759018719807,1330.7366965814738,,-4.983275144905714,6.378852619698304,1.3955774747925904,6.188153537718044,1.2048783928123303,6.457750940837964,1.4744757959322505
2021-04-12,296.3375652173913,1354.0125090814738,,-4.781148304499999,6.342868190327587,1.5617198858275867,6.006489266584274,1.225340962084274,6.373840906408262,1.5926926019082632
2021-04-13,296.76672493961354,1479.1169530826558,,-4.198249226848571,6.06682110850807,1.8685718816594992,5.46927647426043,1.2710272474118591,6.064704821563294,1.8664555947147246
2021-04-14,296.4591980676328,1484.7386111111111,,-3.3721289071981615,5.495058651397559,2.122929744199397,4.632395173339163,1.2602662661410018,5.51141450427214,2.1392855970739793
2021-04-15,296.16574747474743,1443.913361111111,,-4.067557616392446,5.688310610427341,1.620752994034894,5.2900223583722825,1.2224647419798351,5.760921826422938,1.6933642100304915
2021-04-16,295.44077525252527,1263.444201388889,,-4.283023633016135,5.514148500269396,1.2311248672532604,5.446011354439879,1.1629877214237425,5.625655671570152,1.3426320385540176
2021-04-17,295.6486919191919,1208.064347222222,,-4.909389347286544,6.06102092724467,1.151631579958124,6.093762290675932,1.1843729433893861,6.147417506251887,1.2380281589653424
2021-04-18,295.5161597222222,1388.5194522946858,,-4.212317181955636,5.769957017727658,1.5576398357720216,5.4223381757377105,1.2100209937820736,5.757016452931765,1.54469927097613
2021-04-19,295.87181944444444,1472.8391397946862,,-4.47599357721094,6.421951561692453,1.9459579844815131,5.698136210005726,1.2221426327947846,6.251995469650474,1.776001892439534
2021-04-20,295.39815972222226,1489.094577294686,,-4.57204265961094,6.6501592866050245,2.0781166269940834,5.759603184655336,1.1875605250443946,6.310599126806143,1.7385564671952025
2021-04-21,295.19708747044916,1275.6716442080378,,-4.9670539924618495,7.096770719606195,2.129716727144345,6.1048737902858905,1.137819797824041,6.656209001397163,1.6891550089353136
2021-04-22,295.51491385933804,1307.3534705969269,,-4.995243409885194,7.146197031739504,2.1509536218543093,6.180173114726622,1.184929704841427,6.644463961936018,1.649220552050824
2021-04-23,296.33873034869976,1454.3586705082744,,-4.50942229625948,6.865603002763795,2.3561807065043148,5.763266702201848,1.2538444059423677,6.355988642149555,1.846566345890076
2021-04-24,296.9261637115839,1547.7189429669031,,-4.30263338177948,6.7429031626590685,2.440269780879589,5.617004429234794,1.3143710474553136,6.241770624119051,1.9391372423395723
2021-04-25,296.54346926713947,1494.1966651891253,,-4.2420141589742855,6.57652132291431,2.3345071639400232,5.5169112515941094,1.274897092619824,6.091571275707331,1.849557116733046
2021-04-26,295.5753611111111,1244.7689583333333,,-4.54707836388457,6.618728731066778,2.071650367182207,5.751203043011871,1.2041246791272997,6.139177604839311,1.5920992409547405
2021-04-27,295.7539652777778,1176.4763402777778,,-5.12162734964457,7.314222945605738,2.192595595961167,6.335280768423417,1.2136534187788464,6.769804018570383,1.6481766689258126
2021-04-28,295.64929861111113,1205.51925,,-5.27455204068457,7.640058982730018,2.3655069420454464,6.473562565534926,1.1990105248503546,7.0479073804688035,1.7733553397842332
2021-04-29,295.31572222222223,1296.2557152777779,,-4.9974115548254545,7.59366860543351,2.596257050608056,6.1610771009898455,1.1636655461643912,6.987628309168794,1.9902167543433393
2021-04-30,294.30816666666664,1316.4180277777778,,-4.540605121574026,7.006890088809707,2.466284967235682,5.623099945588024,1.0824948240139984,6.416327894983326,1.8757227734093
2021-05-01,293.14102083333336,1265.6298930555556,,-4.380558773414026,6.489622989438395,2.1090642160243696,5.323941976972999,0.9433832035589726,5.999646899798897,1.619088126384872
2021-05-02,292.79665277777775,1289.2319277777776,,-4.305119540869714,6.267824702117875,1.9627051612481612,5.2183816001677075,0.9132620592979935,5.799732513091963,1.4946129722222494
2021-05-03,293.0321736111111,1305.2969347222222,,-3.647182608821703,5.68453364261853,2.0373510337968272,4.582186032072502,0.935003423250799,5.252450642070625,1.6052680332489218
2021-05-04,294.49711111111105,1438.5101944444443,,-2.869780443827158,5.218540844594812,2.348760400767653,3.982575742371511,1.1127952985443532,4.712092347088562,1.842311903261405
2021-05-05,295.94154166666664,1551.4285694444443,,-2.916963636666015,5.3719403804522825,2.454976743786267,4.1437767283586755,1.2268130916926603,4.861491100479827,1.9445274638138128
2021-05-06,296.51220138888885,1536.4625069444444,,-3.7246048534168827,6.181596165776269,2.4569913123593854,5.010494623318095,1.2858897699012122,5.661066322651383,1.9364614692345008
2021-05-07,296.9471111111111,1660.9032638888891,,-3.840103883665714,6.382258043046771,2.542154159381056,5.1811713961545705,1.3410675124888567,5.814381074267615,1.974277190601902
2021-05-08,296.68649999999997,1601.647659722222,,-3.895261234225714,6.5764433451042335,2.681182110878519,5.2452319911034015,1.3499707568776869,5.939725413865669,2.044464179639955
2021-05-09,296.4111195090439,1540.507725613695,,-3.779446288294285,6.395656788130541,2.616210499836255,5.052726805974937,1.2732805176806523,5.747798785080758,1.9683524967864745
2021-05-10,294.98610562015506,1273.191829780362,,-4.432036164327272,7.117977808447044,2.6859416441197723,5.575892644962075,1.1438564806348028,6.482885426779834,2.050849262452563
2021-05-11,293.95639366363326,1198.9948222320527,,-4.518693117527272,7.248070545176449,2.729377427649176,5.5562309410038795,1.0375378234766066,6.638343867182294,2.1196507496550225
2021-05-12,293.69423248792265,1224.1598674516908,,-4.585422456527272,7.673289747856713,3.0878672913294403,5.643900156857691,1.0584777003304184,7.022089002342985,2.436666545815713
2021-05-13,294.44354498792273,1329.0882146739132,,-4.069797931228571,7.286498224369606,3.2167002931410367,5.175833303989454,1.1060353727608834,6.6035693843977015,2.5337714531691304
2021-05-14,295.2110277777778,1348.9934513888888,,-3.9087007496571426,7.239599597241977,3.3308988475848342,5.086529342855097,1.1778285931979537,6.478535758034215,2.569835008377073
2021-05-15,296.51982638888893,1590.2629375,,-3.4319771626571427,6.7958468797307825,3.363869717073641,4.7397228181398114,1.3077456554826685,5.89328384565498,2.461306682997838
2021-05-16,298.02782638888885,1851.8045625000002,,-3.4033010558343655,6.953011550031374,3.54971049419701,4.8635651560394875,1.4602641002051213,5.8523144202514965,2.4490133644171324
2021-05-17,299.20890277777784,2086.705548611111,,-3.165835886486313,6.918903371869834,3.7530674853835198,4.725293873046564,1.5594579865602503,5.668340338769895,2.5025044522835835
2021-05-18,299.23421527777776,2102.9421805555553,,-3.1692729538005993,7.017551645689007,3.848278691888408,4.726558696729821,1.5572857429292215,5.692465595206734,2.5231926414061356
2021-05-19,299.03923611111105,2084.5288194444447,,-2.9309632619376615,6.8843131345039295,3.9533498725662675,4.470386400118797,1.5394231381811345,5.54093772925697,2.6099744673193075
2021-05-20,298.7419553782506,1936.0499408983453,,-2.682595741954285,6.780184879328672,4.097589137374388,4.204075494393289,1.521479752439004,5.4672135264549695,2.784617784500685
2021-05-21,298.4168651004728,1812.5206908983455,,-2.9221309208399995,7.053825087014761,4.131694166174762,4.410441034656363,1.488310113816363,5.909929588279565,2.987798667439567
2021-05-22,297.99319148936166,1849.4011561761233,,-2.9933078050971424,7.298534888735208,4.305227083638067,4.425156442519341,1.4318486374221975,6.5754594083320015,3.5821516032348595
2021-05-23,297.02900694444446,1888.581840277778,,-2.940497470799999,7.24685846654814,4.306360995748141,4.267844800078143,1.3273473292781426,6.805782383635102,3.865284912835103
2021-05-24,296.12399999999997,1854.699277777778,,-2.4414243261272723,6.879960007123212,4.4385356809959395,3.6895631817473995,1.2481388556201274,6.613713167744116,4.172288841616845
2021-05-25,295.91168749999997,1754.2537361111115,,-1.9186053207272726,6.371224273027813,4.45261895230054,3.1642865132446594,1.245681192517387,6.0821890003615975,4.163583679634326
2021-05-26,296.344875,1751.5771111111114,,-1.1610786482415583,5.830535264911339,4.669456616669781,2.4711964774378576,1.3101178291962998,5.42231924871632,4.261240600474763
2021-05-27,296.2900486111111,1572.0866666666668,,0.3424436851974029,4.5134542100742365,4.85589789527164,0.9618059355811649,1.3042496207785677,3.7407363447672375,4.083180029964641
2021-05-28,17815.5959375,1129.7128125000002,,0.8487730480345458,4.320325984621707,5.169099032656253,0.4398416094457543,1.2886146574802997,2.875012778554234,3.7237858265887795
2021-05-29,17816.40675,1167.746555555556,,1.2546594018319484,4.316152272073386,5.570811673905335,0.11120095798693651,1.3658603598188848,2.2882276256189513,3.542887027450901
2021-05-30,17818.090020833333,1466.3872013888893,,0.8313891655644158,5.248204427937751,6.079593593502167,0.7003992146596064,1.5317883802240224,2.7384526939225258,3.5698418594869437
2021-05-31,298.89807550236407,1713.1004166666671,,0.49474841272727305,5.677564526259142,6.172312938986415,1.0347823256725959,1.5295307383998686,3.083693869337606,3.5784422820648807
2021-06-01,298.2507213356974,1651.5701388888892,,-0.017685890755843776,6.01289490438166,5.995209013625815,1.4613774468967318,1.4436915561408876,3.4142715172307803,3.3965856264749377
2021-06-02,296.9201657801419,1522.6675625000005,,0.0029886965142860524,5.9434850754923785,5.946473772006665,1.3550449814369143,1.3580336779512006,3.43738744896428,3.440376145478568
2021-06-03,296.43661574074076,1565.484429166667,,0.149039015088312,5.688963812809798,5.8380028278981095,1.1983909033107303,1.3474299183990424,3.2260743384749233,3.3751133535632363
2021-06-04,296.42879984239556,1548.5211530141848,,0.4798148238311691,5.493256910593512,5.973071734424681,0.9066471395800543,1.3864619634112234,3.104532737126572,3.5843475609577418
2021-06-05,297.32654925137905,1574.6719591736048,,0.4607039719631172,5.513515350539611,5.9742193225027265,0.9586395253345684,1.419343497297686,3.233282860821395,3.6939868327845127
2021-06-06,298.65492907801416,1866.212893925378,,1.2448180159490911,4.909792277418688,6.154610293367779,0.3000996466414977,1.5449176625905887,2.68971817044487,3.9345361863939625
2021-06-07,300.20326241134757,2205.6121634289243,,2.086399201606234,4.2325317285306365,6.31893093013687,-0.43166751872495657,1.6547316828812775,2.166604646697145,4.25300384830338
2021-06-08,298.7286241134752,2024.695232269504,,2.6499144081600003,2.443552922740419,5.0934673309004195,-1.4008355951993714,1.2490788129606292,1.117461703708565,3.767376111868566
