date,TA_f,VPD_f,SW_IN_f,NEE_f,GPP_NEE_rei_f,RECO_NEE_rei_f,GPP_NEE_fal_f,RECO_NEE_fal_f,GPP_NEE_las_f,RECO_NEE_las_f
2019-01-01,275.91,588.5715106116454,-3.8699999999999997,-1.4639615999999998,0.0,-1.4639615999999998,2.1597670898315497,0.6958054898315499,0.0,-1.4639615999999998
2019-01-02,275.91,588.5715106116454,-3.8699999999999997,-1.4639615999999998,0.0,-1.4639615999999998,2.15982053890352,0.6958589389035205,0.0,-1.4639615999999998
2019-01-03,275.91,588.5715106116454,-3.8699999999999997,-1.4639616,0.0,-1.4639616,2.1598217575209913,0.6958601575209918,0.0,-1.4639616
2019-01-04,275.91,588.5715106116454,-3.8699999999999997,-1.4639616,0.0,-1.4639616,2.159821757520992,0.6958601575209918,0.0,-1.4639616
2019-01-05,275.91,588.5715106116454,-3.8699999999999997,-1.4639616000000002,0.0,-1.4639616000000002,2.159768308449021,0.6958067084490214,0.0,-1.4639616000000002
2019-01-06,275.91,588.5715106116454,-3.8699999999999997,-1.4639616,0.0,-1.4639616,2.15976708983155,0.6958054898315498,0.0,-1.4639616
2019-01-07,275.91,588.5715106116454,-3.8699999999999997,-1.4639616,0.0,-1.4639616,2.1597670898315497,0.6958054898315497,0.0,-1.4639616
2019-01-08,275.91,588.5715106116454,-3.8699999999999997,-1.4639616,0.0,-1.4639616,2.1597670898315497,0.6958054898315497,0.0,-1.4639616
2019-01-09,275.91,588.5715106116454,-3.8699999999999997,-1.4639616,0.0,-1.4639616,2.1598207238463623,0.6958591238463624,0.0,-1.4639616
2019-01-10,275.91,588.5715106116454,-3.8699999999999997,-1.4639616,0.0,-1.4639616,2.1598207238463623,0.6958591238463624,0.0,-1.4639616
2019-01-11,275.91,588.5715106116454,-3.8699999999999997,-1.4639616,0.0,-1.4639616,2.1598207238463623,0.6958591238463624,0.0,-1.4639616
2019-01-12,275.91,588.5715106116454,-3.8699999999999997,-1.4639616,0.0,-1.4639616,2.1597670898315497,0.6958054898315498,0.0,-1.4639616
2019-01-13,275.91,588.5715106116454,-3.8699999999999997,-1.4639616,0.0,-1.4639616,2.1597670898315497,0.6958054898315498,0.0,-1.4639616
2019-01-14,275.91,588.5715106116454,-3.8699999999999997,-1.4639616,0.0,-1.4639616,2.1597670898315497,0.6958054898315498,0.0,-1.4639616
2019-01-15,275.9098611111111,588.5755423281188,-3.8670833333333334,-1.4639616,0.0,-1.4639616,2.1597548003394658,0.6957932003394656,0.0,-1.4639616
2019-01-16,275.8154861111111,595.4925062259716,8.944583333333336,-1.4639616,0.1321632,-1.3317984,2.156246431231533,0.692284831231533,0.2102620264438714,-1.2536995735561287
2019-01-17,274.6302777777778,554.3592648822755,29.230347222222225,-1.4639616,0.2948256,-1.169136,2.06818515193984,0.6042235519398399,0.4477643484043968,-1.0161972515956033
2019-01-18,273.38118055555555,506.8568508108978,45.93854166666667,-1.4639616,0.45748799999999995,-1.0064735999999999,1.9757673143469405,0.5118057143469407,0.687782023830864,-0.776179576169136
2019-01-19,271.2027777777778,437.28513546667915,53.15847222222222,-1.4639616,0.4879872,-0.9759744,1.8335111464298934,0.3695495464298934,0.7021362165919038,-0.761825383408096
2019-01-20,270.2700694444444,401.40365437896435,54.537777777777784,-1.4639616,0.4879872,-0.9759744,1.7828333181892917,0.31887171818929166,0.6926365619901076,-0.7713250380098925
2019-01-21,268.47527777777776,355.2767820931784,37.89451388888889,-1.4639616,0.3253248,-1.1386368,1.7027220369866107,0.23876043698661084,0.4526188865636404,-1.0113427134363595
2019-01-22,267.2603472222222,324.1943964423015,17.622222222222224,-1.4639616,0.1626624,-1.3012991999999999,1.6591199627631275,0.19515836276312737,0.2280026673587291,-1.235958932641271
2019-01-23,266.6648611111111,318.18542414897337,2.2579166666666666,-1.4639616,0.1321632,-1.3317984,1.6332041502890362,0.169242550289036,0.18018757038296931,-1.2837740296170308
2019-01-24,267.8593055555555,360.03704073134486,1.7460416666666665,-1.4639616,0.1321632,-1.3317984,1.6816508355129915,0.21768923551299135,0.18018757038296931,-1.2837740296170306
2019-01-25,271.1921527777777,492.66529531370566,3.688680555555555,-1.4639616,0.20332799999999998,-1.2606336,1.8609948805814291,0.3970332805814296,0.2902770783213543,-1.1736845216786458
2019-01-26,274.22680555555553,614.8644621565328,5.081736111111111,-1.4639616,0.2236608,-1.2403008000000002,2.056405489298046,0.5924438892980463,0.35335675058566296,-1.1106048494143372
2019-01-27,275.0747222222222,662.5061752250652,4.511458333333333,-1.4639616,0.2236608,-1.2403008,2.1059974936871586,0.6420358936871589,0.35335675058566296,-1.1106048494143372
2019-01-28,274.3147916666667,605.1213286323807,15.307083333333331,-1.4639616,0.2948256,-1.169136,2.045302083638361,0.5813404836383614,0.45629165334458105,-1.007669946655419
2019-01-29,272.6069444444444,523.9569727952882,23.968055555555555,-1.4639616,0.2948256,-1.169136,1.9141396604072867,0.45017806040728653,0.43093420794002485,-1.033027392059975
2019-01-30,272.7218055555555,481.65870424357473,51.87847222222222,-1.4639616,0.45748799999999995,-1.0064735999999999,1.9202524903852582,0.45629089038525833,0.671414021815384,-0.7925475781846161
2019-01-31,272.2804861111111,468.9125326739209,38.84736111111111,-1.4639616,0.3151584,-1.1488032,1.8911143742218404,0.42715277422184034,0.4583896111180809,-1.005571988881919
2019-02-01,272.4345138888889,502.45391137188517,24.94604166666667,-1.4639616,0.2643264,-1.1996352000000001,1.8990342479295268,0.4350726479295269,0.3836176750289555,-1.0803439249710445
2019-02-02,272.2413888888889,534.1415707382381,4.323472222222217,-1.4639616,0.2439936,-1.219968,1.8850096937753766,0.4210480937753765,0.34321783779785825,-1.120743762202142
2019-02-03,273.00180555555556,532.3842624411988,28.795694444444436,-1.4639616,0.41682240000000004,-1.0471392000000002,1.9389977772090212,0.4750361772090213,0.591858585908633,-0.8721030140913669
2019-02-04,273.8901388888889,533.5880964506082,36.04888888888888,-1.4639616,0.4473216,-1.01664,2.0024568489382357,0.538495248938236,0.6373994076701313,-0.8265621923298686
2019-02-05,275.02694444444444,533.9044822432267,49.537430555555545,-1.4639616,0.4778208,-0.9861408000000002,2.0948077683110795,0.6308461683110792,0.6874896186193412,-0.7764719813806588
2019-02-06,276.14715277777776,547.7303067174734,36.20423611111111,-1.4639616,0.4778208,-0.9861408000000002,2.1917649973817093,0.7278033973817092,0.6924578775467892,-0.7715037224532106
2019-02-07,277.2259722222222,579.3115796235423,46.35368055555555,-1.4639616,0.5184864,-0.9454752000000001,2.2950144989531562,0.8310528989531564,0.7619714950870974,-0.7019901049129027
2019-02-08,278.42625,618.4707055010826,51.06854166666667,-1.4639616,0.50832,-0.9556416000000002,2.4175701851290223,0.9536085851290222,0.7682182481379661,-0.6957433518620338
2019-02-09,278.09180555555554,666.4435831911906,39.99298611111111,-1.4639616,0.33549120000000004,-1.1284704,2.3860177383211507,0.9220561383211511,0.5146092410997433,-0.9493523589002568
2019-02-10,277.47194444444443,648.034535912696,40.336319444444435,-1.4639616,0.3253248,-1.1386368,2.3232576637540014,0.8592960637540017,0.5079389377883281,-0.956022662211672
2019-02-11,276.1826388888889,620.5433585391125,34.13374999999999,-1.4639616,0.33549120000000004,-1.1284704,2.1892764641012663,0.7253148641012666,0.5212991478593225,-0.9426624521406776
2019-02-12,276.53062499999993,625.7376080112285,34.619097222222216,-1.4639616,0.33549120000000004,-1.1284704,2.221599121434176,0.7576375214341761,0.5212991478593225,-0.9426624521406776
2019-02-13,277.80048611111107,617.4124696510348,49.48152777777778,-1.4639616,0.3659904,-1.0979712000000001,2.3656885026404915,0.9017269026404917,0.6061621801596645,-0.8577994198403354
2019-02-14,280.4559722222222,571.9735147053494,67.38493055555556,-1.4639616,0.38632320000000003,-1.0776383999999999,2.689354825370103,1.2253932253701032,0.7008825811762215,-0.7630790188237785
2019-02-15,282.9478472222222,500.7390607298671,104.80062499999998,-1.4639616,0.5794848,-0.8844768000000001,3.026894488501777,1.5629328885017777,1.07286088073833,-0.39110071926167
2019-02-16,284.26208333333335,515.3255045239871,103.75055555555555,-1.4639616,0.5693184000000001,-0.8946432000000001,3.205810302605931,1.7418487026059315,1.0776849016014953,-0.3862766983985045
2019-02-17,284.53520833333334,550.7625618613093,105.00937499999998,-1.4639616,0.5693184,-0.8946432000000001,3.2484833770604298,1.7845217770604307,1.0753257143694563,-0.38863588563054347
2019-02-18,282.9352777777778,618.6606632113222,87.64979166666666,-1.4639616,0.5489856,-0.9149760000000001,3.012799185005603,1.548837585005603,1.0027811984729067,-0.4611804015270931
2019-02-19,281.3930555555556,634.7532421973054,81.84090277777777,-1.4639616,0.5489856,-0.9149760000000001,2.7996160095714395,1.3356544095714398,0.9739392176260523,-0.49002238237394774
2019-02-20,280.1015972222222,728.6304403908767,65.54902777777777,-1.4639616,0.5388191999999999,-0.9251424,2.610100786826844,1.1461391868268442,0.9289689610267367,-0.5349926389732633
2019-02-21,278.8117361111111,743.2241550568864,53.844722222222224,-1.4639616,0.5286528,-0.9353088,2.479710455000577,1.0157488550005773,0.8839455577968055,-0.5800160422031945
2019-02-22,276.6972916666667,663.1553895675046,61.46347222222221,-1.4639616,0.5489856,-0.9149760000000001,2.2901028807308728,0.8261412807308729,0.8786266512510418,-0.585334948748958
2019-02-23,276.6670833333333,502.86436797968855,82.94624999999999,-1.4639616,0.5693183999999999,-0.8946432,2.3029148643444417,0.8389532643444423,0.9098494418559735,-0.5541121581440264
2019-02-24,279.1609027777777,380.1638081096026,117.19083333333333,-1.4639616,0.609984,-0.8539776,2.6031742276590806,1.1392126276590808,1.0159254163229188,-0.448036183677081
2019-02-25,282.5046527777778,381.9489414561215,125.6140972222222,-1.4639616,0.609984,-0.8539776,2.962431181571548,1.498469581571549,1.061067222961155,-0.40289437703884473
2019-02-26,284.0759027777778,412.8172746665416,129.4122222222222,-1.4639616,0.609984,-0.8539776,3.186907575286783,1.7229459752867828,1.077704940452507,-0.38625665954749294
2019-02-27,283.4179861111111,533.9476251260388,121.91034722222223,-1.4639616,0.609984,-0.8539776,3.088992692235594,1.6250310922355944,1.059391228427554,-0.40457037157244596
2019-02-28,281.89965277777776,659.5034949142276,84.47597222222221,-1.4639616,0.5896512,-0.8743104,2.8891656073282292,1.4252040073282295,0.9997543062949906,-0.4642072937050093
2019-03-01,279.1545833333333,719.1544675725692,53.53513888888889,-1.4639616,0.5794848,-0.8844768000000002,2.5159700471335906,1.0520084471335907,0.9321677729575691,-0.5317938270424308
2019-03-02,279.3977777777778,778.2316759439182,26.509583333333325,-1.4639616,0.5693183999999999,-0.8946432000000001,2.548781428754106,1.084819828754106,0.9119101362599453,-0.5520514637400546
2019-03-03,280.42333333333335,754.1320861938506,52.5323611111111,-1.4639616,0.5693183999999999,-0.8946432000000001,2.6787101955437045,1.214748595543705,0.921848139995037,-0.542113460004963
2019-03-04,280.6086111111111,760.3904191054702,69.88256944444443,-1.4639616,0.5896512,-0.8743104000000002,2.69644928588788,1.23248768588788,0.9527421397557568,-0.511219460244243
2019-03-05,279.7752083333333,702.6299664128828,98.1775,-1.4639616,0.5998176000000001,-0.8641440000000001,2.5994362121680408,1.1354746121680417,0.9539123220736515,-0.5100492779263485
2019-03-06,280.1570833333333,702.4757088039611,95.11951388888887,-1.4639616,0.6201504,-0.8438112000000001,2.648824132685372,1.1848625326853726,0.9878367794911259,-0.47612482050887395
2019-03-07,280.45756944444446,695.531206651022,62.528749999999995,-1.4639616,0.4066559999999999,-1.0573056,2.6813842682703117,1.217422668270312,0.6595006970710069,-0.8044609029289931
2019-03-08,280.28791666666666,688.6724789723563,50.841111111111104,-1.4639616,0.37615679999999996,-1.0878048000000002,2.6519218749092466,1.187960274909247,0.6100274897243653,-0.8539341102756346
2019-03-09,277.48326388888887,642.223640520827,20.70124999999999,-1.4639616,0.1728288,-1.2911328,2.3399170247668195,0.8759554247668199,0.27361198115124935,-1.1903496188487506
2019-03-10,276.2364583333333,641.5687226995824,36.704999999999984,-1.4639616,0.355824,-1.1081376,2.220618899097823,0.7566572990978232,0.5359649514563415,-0.9279966485436585
2019-03-11,275.7210416666667,595.1197514966253,51.25722222222222,-1.4639616,0.3964896,-1.0674720000000002,2.1623805413159647,0.6984189413159653,0.5818737155891212,-0.882087884410879
2019-03-12,277.0184027777778,616.7744028309131,50.907638888888876,-1.4639616,0.3964896,-1.0674720000000002,2.280715529644405,0.8167539296444059,0.5818737155891212,-0.8820878844108789
2019-03-13,278.0074305555556,655.450197086925,45.71062499999999,-1.4639616,0.3964896,-1.0674720000000002,2.3712146823286484,0.9072530823286488,0.5931084039083022,-0.8708531960916978
2019-03-14,278.1465972222222,687.96988541599,6.092222222222213,-1.4639616,0.1829952,-1.2809664,2.3801956107423705,0.9162340107423712,0.2735876586242733,-1.1903739413757266
2019-03-15,278.5486111111111,719.7032954271684,19.3254861111111,-1.4639616,0.3863231999999999,-1.0776384,2.4306701734573384,0.9667085734573391,0.579837076640534,-0.8841245233594659
2019-03-16,279.1334722222222,714.2350502314544,31.682638888888885,-1.4639616,0.41682240000000004,-1.0471392000000002,2.502003113328497,1.0380415133284977,0.6417352433282213,-0.8222263566717785
2019-03-17,278.04687499999994,695.1794698952884,30.61506944444444,-1.4639616,0.41682240000000004,-1.0471392000000002,2.39900187172752,0.9350402717275205,0.6417352433282213,-0.8222263566717786
2019-03-18,277.2450694444444,636.4099072741656,55.33534722222222,-1.4639616,0.4473216,-1.0166400000000002,2.310087174145117,0.8461255741451176,0.6891505321366646,-0.7748110678633354
2019-03-19,277.58993055555555,610.8136056358462,86.66722222222222,-1.4639616,0.4676544,-0.9963072000000001,2.357941831262412,0.8939802312624128,0.7279757693337183,-0.7359858306662815
2019-03-20,280.3570833333333,716.520269564317,137.07708333333332,-1.4639616,0.6811488,-0.7828128000000002,2.686848140199348,1.2228865401993485,1.084836172596251,-0.379125427403749
2019-03-21,282.7828472222222,871.006986054021,162.00472222222223,-1.4639616,0.6811488,-0.7828128000000002,3.0038904080999447,1.5399288080999451,1.125948564699069,-0.3380130353009312
2019-03-22,283.39944444444444,963.7143954774732,158.31819444444443,-1.4639616,0.6811488,-0.7828128000000002,3.0808931750790927,1.6169315750790936,1.1334046527525177,-0.33055694724748214
2019-03-23,281.7872916666667,859.7379833411782,161.44458333333333,-1.4639616,0.7014816,-0.76248,2.868410341908137,1.4044487419081377,1.148399227803275,-0.31556237219672517
2019-03-24,279.304375,726.3315139458779,135.4981944444444,-1.4639616,0.6913152,-0.7726464000000002,2.5431677762044598,1.0792061762044607,1.0964245336455851,-0.3675370663544151
2019-03-25,277.58124999999995,654.7121974924589,107.71138888888889,-1.4639616,0.6404831999999999,-0.8234784000000003,2.330414692038156,0.8664530920381566,0.998563691556412,-0.4653979084435882
2019-03-26,277.8964583333333,711.6028506245189,101.69881944444444,-1.4639616,0.6303168,-0.8336448000000002,2.365654545188656,0.9016929451886565,0.9873185465711126,-0.4766430534288873
2019-03-27,279.41180555555553,813.4609147898822,97.078125,-1.4639616,0.6303168,-0.8336448000000002,2.541257909248626,1.0772963092486265,1.0159705442515359,-0.44799105574846426
2019-03-28,281.39993055555556,880.1674196542895,126.67131944444445,-1.4639616,0.6811488,-0.7828128000000002,2.791335921968391,1.327374321968392,1.1338209130841967,-0.33014068691580317
2019-03-29,283.54555555555555,878.7946988299565,150.16444444444446,-1.4639616,0.7014816,-0.76248,3.117115603108747,1.6531540031087477,1.2105775158466152,-0.25338408415338487
2019-03-30,282.9603472222222,768.468673607454,158.93972222222223,-1.4639616,0.7218144000000001,-0.7421472000000001,3.0470831676244443,1.5831215676244448,1.2396925972965267,-0.22426900270347314
2019-03-31,281.28527777777776,599.3191958876208,185.56409722222224,-1.4639616,0.7421472000000001,-0.7218144000000001,2.8394708659565406,1.3755092659565413,1.2577978900652995,-0.2061637099347006
2019-04-01,279.8545833333333,545.762762585346,172.40236111111116,-1.4639616,0.7421471999999999,-0.7218144000000001,2.6283939464382855,1.1644323464382862,1.251245402654151,-0.21271619734584882
2019-04-02,281.4320138888889,653.5615480071697,165.46395833333335,-1.4639616,0.7319808,-0.7319808000000001,2.846188560944142,1.3822269609441424,1.2962610785362252,-0.16770052146377465
2019-04-03,281.8211111111111,815.4423123100843,115.61333333333334,-1.4639616,0.7319808,-0.7319808000000002,2.8808392117816033,1.4168776117816038,1.3316127996813403,-0.13234880031865967
2019-04-04,281.2052083333333,918.8901207911795,73.18013888888889,-1.4639616,0.711648,-0.7523136000000002,2.7735105330291225,1.309548933029123,1.306892253505345,-0.15706934649465498
2019-04-05,281.4483333333333,900.1096371146514,111.40743055555555,-1.4639616,0.7218144,-0.7421472000000001,2.8449331589701408,1.3809715589701412,1.3537115326432054,-0.11025006735679478
2019-04-06,283.7742361111111,855.3182757925812,150.593125,-1.4639616,0.7218144,-0.7421472000000001,3.197915969834334,1.7339543698343345,1.4241092362313432,-0.03985236376865683
2019-04-07,285.5338194444444,779.3892572577925,207.5870138888889,-1.4639616,0.8115833691638615,-0.6523782308361387,3.477717882721499,2.0137562827215,1.5538389468616185,0.08987734686161863
2019-04-08,283.395,677.7205774843566,209.84381944444445,-1.4639616,0.979932818753707,-0.48402878124629317,3.1588571609367144,1.6948955609367153,1.5265921329738112,0.06263053297381112
2019-04-09,280.39451388888887,591.4025960647451,203.34375,-1.0991246954285714,1.1368237897263929,0.03769909429782129,2.3968273821368125,1.2977026867082417,1.3940728661091086,0.2949481706805373
2019-04-10,277.36562499999997,511.51557107116787,174.47131944444448,-0.2637947505446869,1.0793086696745597,0.8155139191298727,1.1753090663614427,0.9115143158167563,1.0573896524721285,0.7935949019274416
2019-04-11,275.85131944444447,489.05818055682965,124.91576388888892,0.6292302706355073,0.7872724172061346,1.4165026878416418,0.19520631909324715,0.824436589728755,0.6178139716247252,1.2470442422602328
2019-04-12,274.99069444444444,509.1544323303949,97.79062500000002,0.8540366240097345,0.6860144888457769,1.5400511128555114,-0.05804095011396545,0.7959956738957695,0.43361227497709104,1.2876488989868256
2019-04-13,274.7603472222222,572.6045067915785,67.71645833333334,1.0193336638744248,0.5715891574781632,1.590922821352588,-0.216378410994031,0.8029552528803944,0.30964741969160764,1.3289810835660325
2019-04-14,276.6295138888889,577.6925911807066,129.98236111111112,0.9460142426942307,0.9660290975973463,1.9120433402915769,-0.012448495997397438,0.9335657466968338,0.5271744192551383,1.4731886619493693
2019-04-15,278.84402777777774,562.6345548337044,181.15597222222223,1.1862699403668697,1.4138691769568732,2.6001391173237427,-0.07178773936371295,1.1144822010031572,0.7110847976702256,1.8973547380370952
2019-04-16,281.7477777777778,530.3107117697723,258.83166666666665,1.1934586356182948,1.9765922856618852,3.1700509212801804,0.23798640641087224,1.4314450420291676,1.0548214063300845,2.248280041948379
2019-04-17,284.0698611111111,555.318705102769,259.40972222222223,1.1896354356182945,2.3177583970386846,3.507393832656979,0.6002552244379223,1.7898906600562174,1.4152868529149858,2.6049222885332806
2019-04-18,286.2664583333333,600.0674452930638,262.00104166666665,1.16720928,2.5241779669779993,3.691387246977999,0.9836095720935379,2.150818852093538,1.769314767913647,2.9365240479136467
2019-04-19,287.3411111111111,599.2900567627918,262.6690277777778,1.094508,2.6733011727403047,3.767809172740304,1.2431302860393387,2.337638286039339,2.0413953173768875,3.1359033173768878
2019-04-20,287.63979166666667,596.4455555645504,269.1929166666667,0.8675712,2.984387712602942,3.851958912602942,1.5243800437556319,2.3919512437556323,2.1825356776971074,3.0501068776971074
2019-04-21,286.95375,588.1457919845358,275.4600694444444,0.6521616,3.44499217213691,4.09715377213691,1.6007738306043457,2.2529354306043463,2.2677015457450955,2.919863145745096
2019-04-22,286.5156944444445,685.1798449928641,262.7811111111111,0.172332,4.275517117898226,4.447849117898227,1.9913703679576191,2.1637023679576193,2.549953278089653,2.7222852780896525
2019-04-23,286.8539583333333,858.3826056228736,250.23013888888886,0.3985272,5.07362845776165,5.4721556577616495,1.8373121661262675,2.235839366126268,2.7114521663155853,3.1099793663155855
2019-04-24,288.1865972222222,940.7675007694487,247.09354166666665,1.119816,5.557966093083157,6.677782093083157,1.387797305874237,2.507613305874237,2.5335680396017324,3.653384039601732
2019-04-25,287.76993055555556,1008.1553274622615,236.45416666666665,1.3590936000000002,6.283163654157445,7.642257254157445,1.0749294134413547,2.434023013441355,2.9941898933118605,4.35328349331186
2019-04-26,286.0134722222222,960.2624915276338,207.1925,1.7344080000000002,6.379342736058227,8.113750736058227,0.37738868525126046,2.1117966852512606,3.0964143440870253,4.830822344087025
2019-04-27,283.29083333333335,961.4819889371671,186.21965277777778,0.5221008,6.876693787852947,7.398794587852947,1.0920148174383806,1.6141156174383813,3.8190803397344144,4.341181139734414
2019-04-28,282.01493055555557,926.6597259996068,133.71145833333333,1.1970720000000001,5.731857225041439,6.928929225041439,0.2211711961201596,1.4182431961201598,2.767482951422126,3.964554951422126
2019-04-29,282.3677777777778,867.9012435732125,178.98006944444444,0.4993848000000001,6.167792548317479,6.667177348317478,0.9891503296423982,1.4885351296423988,3.055902840568331,3.5552876405683307
2019-04-30,283.1977083333333,907.4991478412388,195.24833333333333,0.8618688,6.465699779675937,7.327568579675937,0.7595157530692308,1.6213845530692312,3.4898224683719676,4.351691268371967
2019-05-01,283.2864583333333,902.725767046419,220.47451388888888,0.05117760000000015,7.089890545982068,7.141068145982068,1.5857188540162606,1.636896454016261,4.748669469653001,4.7998470696530005
2019-05-02,281.5977083333333,843.2095106456168,174.89076388888893,-0.11982239999999988,6.402412250372692,6.282589850372694,1.493690886682615,1.3738684866826156,5.002283409730478,4.882461009730478
2019-05-03,279.12402777777777,722.2282319018526,144.11868055555556,-0.5691095999999999,5.32758282878181,4.758473228781809,1.6170729553207253,1.0479633553207257,4.593142293594692,4.024032693594691
2019-05-04,278.195,590.7943545902291,174.93437500000002,-1.179972,5.15900772783104,3.9790357278310395,2.120847319226201,0.9408753192262017,4.348220710860999,3.1682487108609987
2019-05-05,278.01326388888896,600.3813447506674,181.36986111111113,-1.3416984,5.166418358346181,3.8247199583461815,2.267154835272063,0.9254564352720634,4.178181928119618,2.8364835281196172
2019-05-06,279.1229166666667,606.7388650063007,211.3088888888889,-1.8514368,5.638292566496502,3.7868557664965024,2.9013029100539875,1.049866110053988,4.361515650265612,2.510078850265611
2019-05-07,280.50472222222226,730.6995196897902,184.0423611111111,-1.254456,5.467277528441289,4.212821528441289,2.474273063800827,1.219817063800827,3.82725798230507,2.5728019823050694
2019-05-08,282.6663888888889,838.2048328704614,208.90715277777778,-0.7835472,5.894544991915326,5.110997791915326,2.3066764131819757,1.5231292131819758,3.741727173680024,2.9581799736800236
2019-05-09,283.9577083333333,947.717334152455,182.1673611111111,-0.5503667999999999,6.551500619888635,6.0011338198886355,2.2489014650420645,1.6985346650420647,3.9192993093936344,3.3689325093936335
2019-05-10,283.28770833333334,957.1586943202306,160.85847222222225,-0.6110627999999998,6.723397854060612,6.112335054060612,2.2124889391698095,1.60142613916981,4.109259491620936,3.498196691620935
2019-05-11,281.9870833333334,840.0037528422172,179.19555555555556,-1.4894484,7.147007848202123,5.657559448202124,2.901143718837963,1.4116953188379637,4.52890067233309,3.0394522723330883
2019-05-12,281.1934722222223,707.00355676265,226.02847222222226,-1.2024791999999997,6.878663983733053,5.676184783733053,2.5167599660657403,1.314280766065741,4.257911457547179,3.055432257547178
2019-05-13,281.3454166666667,593.1662237473852,281.99736111111116,-1.3867703999999998,7.284002969008145,5.8972325690081435,2.7303741379631496,1.34360373796315,4.423565740108239,3.0367953401082377
2019-05-14,281.3841666666667,559.9387691471837,249.62465277777778,-1.0898927999999999,6.926344338173645,5.836451538173644,2.439882884292524,1.3499900842925243,4.193170200500332,3.103277400500332
2019-05-15,280.8388194444444,682.0128189211574,155.22152777777777,0.2091384000000002,5.087623327967893,5.296761727967893,1.0516667035331222,1.2608051035331227,2.9574897153024877,3.166628115302487
2019-05-16,281.91215277777775,842.7187757362822,134.59916666666666,-0.3191916999999999,5.085223600058323,4.766031900058323,1.7335776145600128,1.414385914560013,3.1926354053204307,2.87344370532043
2019-05-17,284.13076388888885,1037.8747593508358,171.69263888888887,-0.5577504964662953,5.293281527902756,4.73553103143646,2.256167093157014,1.6984165966907192,3.3630340190278525,2.8052835225615564
2019-05-18,287.9691666666667,1113.8331418525972,263.403125,-1.5313416964662954,7.459048778847479,5.927707082381183,3.9151762555507736,2.3838345590844785,4.7190208568516345,3.1876791603853385
2019-05-19,289.59951388888885,1267.099067402353,271.44069444444443,-1.0115507964662953,8.393158879509704,7.381608083043408,3.6955581980101786,2.6840074015438833,5.230887824861505,4.219337028395209
2019-05-20,289.43680555555557,1392.2519669074707,223.78854166666665,-0.5468255999999999,9.0100217762217,8.4631961762217,3.2737057713401114,2.726880171340112,5.611659130268425,5.064833530268424
2019-05-21,286.9627083333333,1355.4435086405808,156.9440277777778,-1.208052,9.14060987534387,7.93255787534387,3.4404157361325836,2.232363736132583,5.934170366525888,4.7261183665258875
2019-05-22,286.37375,1115.6597242607668,196.9399305555556,-2.874977829928435,10.070830909029008,7.195853079100573,4.964270941927702,2.089293111999267,6.705410574130017,3.8304327442015804
2019-05-23,287.0407638888889,963.5979712419577,241.14243055555553,-4.3568098299284355,11.410861978362917,7.054052148434479,6.5873428830883896,2.230533053159954,7.604249301193686,3.2474394712652495
2019-05-24,286.96479166666666,946.4206815459862,244.7104861111111,-4.704339429928435,11.633782386502633,6.929442956574197,6.924280698301117,2.2199412683726814,8.062580845319834,3.358241415391399
2019-05-25,287.4234722222222,1034.1943465025042,229.45277777777778,-4.905550799999999,12.107616060832099,7.202065260832096,7.25086297144249,2.3453121714424894,8.721491814258897,3.8159410142588968
2019-05-26,287.08916666666664,1082.834274421262,170.98229166666667,-4.512654,10.921553448113954,6.408899448113954,6.775468141408626,2.2628141414086262,8.165323005245222,3.652669005245221
2019-05-27,287.65861111111104,1085.5471221853702,194.63854166666667,-5.231358,11.319628464739699,6.088270464739698,7.590802064916609,2.35944406491661,8.753016884868417,3.5216588848684167
2019-05-28,285.84458333333333,993.25636211276,104.13527777777777,-5.731374825,6.857804960989397,1.126430135989396,7.7511660147898915,2.0197911897898915,5.358302434845677,-0.373072390154323
2019-05-29,285.72979166666664,958.8326004876235,141.12993055555555,-6.577756425,7.42631617662352,0.8485597516235197,8.587009015576719,2.00925259057672,6.286718060363287,-0.2910383646367138
2019-05-30,287.48041666666666,1135.3884734849216,142.59583333333333,-6.707885624999999,7.66519729530025,0.9573116703002507,9.068904797357172,2.3610191723571714,6.403069864240085,-0.30481576075991407
2019-05-31,290.85993055555554,1332.2119457041283,250.04409722222218,-5.840603640466926,11.243726758132633,5.403123117665707,8.875154940873164,3.0345513004062394,9.183691922809185,3.343088282342259
2019-06-01,293.6770833333333,1453.7737448935743,281.66270833333334,-4.712438040466926,10.63449503280991,5.922056992342984,8.428652250637901,3.716214210170976,8.093313199331021,3.380875158864095
2019-06-02,295.08166666666665,1449.0663410857003,302.5577777777778,-3.400341275486381,10.164778312264312,6.76443703677793,7.4734574159054,4.07311614041902,7.496535612202212,4.09619433671583
2019-06-03,295.7356944444444,1502.0050956579532,300.19618055555554,-3.6318723667841613,10.749635836077417,7.117763469293252,7.890704862981934,4.2588324961977735,8.010318999642413,4.37844663285825
2019-06-04,296.43173611111115,1515.2805279126242,296.61013888888886,-4.112365730420525,11.506699092873973,7.3943333624534455,8.563386327560982,4.451020597140459,8.675767261323102,4.563401530902577
2019-06-05,294.59041666666667,1472.2228168103748,256.32729166666667,-4.4405428954010695,11.361173287939883,6.920630392538811,8.44309126473708,4.002548369336011,8.733731339011197,4.293188443610126
2019-06-06,292.855625,1403.873794950233,251.07541666666665,-4.361029363636363,11.12339574542178,6.762366381785415,7.9468428844397385,3.585813520803376,8.69620506825549,4.335175704619125
2019-06-07,289.2477083333333,1231.6228373150811,240.72222222222217,-5.1119064,10.899519641335514,5.787613241335513,7.798726724260608,2.68682032426061,8.952805543369918,3.840899143369916
2019-06-08,289.5909027777777,1094.9465767265372,296.97111111111104,-6.455188799999999,11.861795395580176,5.406606595580175,9.21479263060514,2.7596038306051427,9.835963944062735,3.3807751440627363
2019-06-09,290.51854166666664,1154.395601553163,271.55618055555556,-5.967658224912692,11.592473104273148,5.624814879360457,8.908572395075002,2.9409141701623125,9.589981267066449,3.6223230421537593
2019-06-10,291.6816666666667,1380.2573345633089,255.11451388888887,-5.813002224912691,12.667225238754975,6.854223013842283,8.998628357113272,3.1856261322005825,10.550091766141165,4.737089541228475
2019-06-11,290.4747222222222,1542.6644439055183,151.31340277777775,-4.925997196341263,8.512771506703167,3.5867743103619056,7.853987045005527,2.9279898486642657,7.109080441947062,2.1830832456058
2019-06-12,289.8644444444444,1455.2767071127325,173.20180555555555,-5.933017928082563,8.693015166058823,2.7599972379762576,8.744541242160048,2.8115233140774856,7.164114818196832,1.231096890114268
2019-06-13,291.14736111111114,1348.4928147363873,182.19402777777773,-5.690395628082563,7.547483131991615,1.8570875039090493,8.829012682132069,3.1386170540495044,5.916254985163916,0.2258593570813526
2019-06-14,293.46666666666664,1434.1968908792362,281.70993055555556,-5.332722256653992,11.368932456527988,6.036210199873996,8.991335693497717,3.658613436843725,9.084075876376474,3.7513536197224813
2019-06-15,292.87847222222223,1509.1217830034263,230.7822222222222,-4.386300486206896,10.410844354954815,6.0245438687479185,7.9062012980888845,3.5199008118819894,8.516043210169956,4.1297427239630595
2019-06-16,292.2816666666667,1558.4832703691566,254.36305555555555,-4.455831698078309,10.152574283493804,5.696742585415497,7.820428552495435,3.3645968544171274,8.459813250921204,4.0039815528428955
2019-06-17,293.06055555555554,1449.569980564791,267.5953472222222,-5.3219412980783085,10.054461561328061,4.732520263249754,8.89139005500805,3.569448756929742,8.218943594282266,2.8970022962039557
2019-06-18,295.2605555555555,1463.6681573952958,322.9845138888889,-4.335743311871412,10.016558813956427,5.680815502085014,8.455183598801158,4.119440286929746,7.78746679552307,3.4517234836516573
2019-06-19,294.7675694444444,1514.131269348946,297.5142361111111,-4.186759322542097,10.170776485097965,5.984017162555869,8.178247404417492,3.9914880818753975,7.968214894783256,3.781455572241159
2019-06-20,292.8463194444444,1498.3385605814176,274.32347222222216,-4.272593241292097,10.533960691670156,6.261367450378059,7.782490248563787,3.509897007271691,8.383247733115264,4.110654491823166
2019-06-21,291.2972222222222,1418.3568910062297,286.8902083333333,-5.840458041292096,12.094121303462012,6.253663262169916,8.95902628211077,3.118568240818675,9.764209527754891,3.9237514864627943
2019-06-22,291.6325,1279.886876458752,314.4995833333333,-5.09156191875,12.040119445082768,6.9485575263327695,8.316246766637695,3.2246848478876946,9.096461473485613,4.004899554735613
2019-06-23,293.3345138888889,1224.051908511018,342.3200694444444,-4.6366056,11.717034006278828,7.080428406278827,8.29212165997348,3.6555160599734804,8.444680939167428,3.8080753391674276
2019-06-24,296.1293055555555,1293.123929974167,334.7978472222222,-4.661424,10.818242084988123,6.156818084988122,9.063176810693166,4.401752810693169,7.835635819708851,3.1742118197088502
2019-06-25,295.81618055555555,1397.688189300354,217.28347222222214,-5.3142048,7.265344023871234,1.951139223871234,9.6469149668517,4.332710166851701,5.528541623309852,0.21433682330985201
2019-06-26,293.64006944444446,1404.1959586942712,218.18354166666663,-5.7682080000000004,6.862779262616925,1.0945712626169242,9.577584942514648,3.809376942514651,6.1943110828299375,0.42610308282993775
2019-06-27,290.4088194444444,1272.199001930587,215.68999999999997,-5.842498338386201,6.706898286745575,0.8643999483593733,8.790644209619787,2.948145871233588,6.516750280312221,0.6742519419260203
2019-06-28,291.991875,1116.9412483608833,334.72729166666664,-5.82352719300805,9.914830525045922,4.091303332037872,9.16285473379734,3.339327540789293,9.022321230966957,3.198794037958908
2019-06-29,295.8259027777778,1196.808606810153,330.05479166666663,-4.1395191930080495,9.385469510020641,5.245950317012591,8.494078390313637,4.35455919730559,7.307261188303642,3.1677419952955908
2019-06-30,296.73583333333335,1257.552811413071,322.60722222222216,-3.9757949117647065,10.211900466734559,6.236105554969853,8.550040571981539,4.574245660216835,7.392592980017526,3.416798068252819
2019-07-01,293.90534722222225,1240.797378399381,301.10402777777773,-4.624485257142857,11.140941334032817,6.516456076889962,8.509371464887563,3.884886207744708,8.241242404597278,3.61675714745442
2019-07-02,289.36854166666666,1062.0315341112046,277.08861111111105,-7.061771657142859,12.665527943136999,5.60375628599414,9.791866600721413,2.730094943578558,10.238982102765528,3.1772104456226695
2019-07-03,287.92118055555557,963.2094768613441,286.0628472222222,-8.1463968,13.168536618571968,5.022139818571968,10.559878325780582,2.4134815257805844,10.877217977186797,2.7308211771867974
2019-07-04,288.6451388888889,1037.5140193131149,260.5086805555555,-8.444583942857143,13.591544372202042,5.1469604293448965,11.007945904140305,2.5633619612831633,11.144055001824013,2.6994710589668696
2019-07-05,289.62618055555555,1189.764528177425,237.0206944444444,-7.286463942857143,13.09325722675846,5.806793283901315,10.051893392148976,2.7654294492918337,10.48284388318759,3.196379940330445
2019-07-06,288.8486111111111,1196.2735822125655,206.0993055555555,-6.498539142857143,12.541410772195867,6.042871629338724,9.107354463668841,2.608815320811701,9.882589026129423,3.3840498832722816
2019-07-07,287.0343055555556,1125.5244074662214,191.93076388888883,-6.0909984,12.093495692999694,6.002497292999692,8.347897860108924,2.2568994601089254,9.54686576805947,3.45586736805947
2019-07-08,285.5027083333333,1016.7874821376269,173.83833333333328,-6.4865952,12.093013710665304,5.606418510665303,8.436898931903086,1.9503037319030867,9.59443791904336,3.10784271904336
2019-07-09,286.16159722222227,1040.2647238825782,195.16361111111107,-7.147447199999999,12.823517376904022,5.676070176904022,9.228778555877337,2.081331355877339,10.037360099620804,2.8899128996208017
2019-07-10,287.6903472222222,1136.5970517982662,199.18874999999994,-6.787856340533513,12.997215321591703,6.20935898105819,9.140483245762043,2.352626905228533,9.921860330952784,3.13400399041927
2019-07-11,288.96284722222225,1301.4762605686935,210.71222222222218,-6.713775540533512,13.656563066046175,6.942787525512663,9.305945233482397,2.592169692948887,10.29376147417991,3.579985933646395
2019-07-12,289.13881944444444,1466.8882433650645,172.79847222222216,-5.203006740533513,12.553165175391614,7.350158434858099,7.822314533998887,2.6193077934653757,9.20666512887237,4.003658388338856
2019-07-13,288.17520833333333,1466.5920176191776,141.50909722222218,-4.235688000000001,11.013091487474952,6.777403487474952,6.67721263514722,2.4415246351472217,7.954046967898685,3.7183589678986855
2019-07-14,287.178125,1351.9311355970106,116.33243055555552,-3.259224,9.15113502774226,5.8919110277422595,5.505633250345537,2.2464092503455397,6.584256284286474,3.3250322842864732
2019-07-15,286.46930555555554,1274.7136179222132,95.63826388888886,-2.8179648,8.254369410157766,5.4364046101577665,4.925699579117892,2.1077347791178944,6.1427272407763525,3.324762440776352
2019-07-16,287.58909722222216,1225.2470076120637,166.7203472222222,-4.49551865569761,9.656783355617826,5.161264699920216,6.845620128143449,2.3501014724458424,7.566564798684862,3.0710461429872513
2019-07-17,290.09013888888893,1216.6877574665077,213.8561805555555,-5.965393177395222,10.842856688499888,4.877463511104664,8.833679498393636,2.8682863209984153,8.535046503479512,2.5696533260842886
2019-07-18,292.19979166666667,1262.1246037039853,239.12979166666662,-6.285130968943498,11.104563645950776,4.819432677007278,9.593278712667809,3.3081477437243136,8.964048358329018,2.67891738938552
2019-07-19,293.6966666666667,1406.203953229826,221.09402777777777,-5.162526997135465,9.96768652740113,4.805159530265667,8.844952913633996,3.6824259164985342,8.015669929658314,2.8531429325228514
2019-07-20,293.4711805555555,1525.8715611252262,226.87326388888883,-4.359526855204389,9.047750549525968,4.68822369432158,8.014991825772691,3.6554649705683055,7.5431820207553635,3.183655165550976
2019-07-21,293.93395833333335,1521.4534736781843,232.22229166666662,-5.152295419866522,9.168461023467852,4.01616560360133,8.935949124128337,3.7836537042618184,7.86348935762076,2.711193937754239
2019-07-22,295.09875000000005,1519.15714812902,255.90124999999998,-4.819963393119802,8.283552567119328,3.463589173999523,8.909580050854116,4.089616657734314,7.293529306492192,2.473565913372388
2019-07-23,296.92527777777775,1462.5369254777313,169.21166666666664,-3.879582613353266,5.36269685220515,1.4831142388518825,8.44550273094576,4.565920117592495,4.770411365025656,0.8908287516723902
2019-07-24,299.2077083333333,1439.3932329135641,200.82541666666665,-2.675909857142857,3.61850817285305,0.9425983157101925,7.90830173873935,5.232391881596495,3.227631229087134,0.5517213719442765
2019-07-25,298.6517361111111,1411.510356153577,197.3310416666666,-3.0374207999999996,3.6085528841809213,0.5711320841809205,8.115477637126373,5.078056837126375,3.500465183243474,0.4630443832434734
2019-07-26,297.614375,1430.3610354026189,296.38249999999994,-3.6699479999999998,5.722267952927729,2.0523199529277285,8.472343353741216,4.802395353741219,5.583912941577773,1.9139649415777729
2019-07-27,296.15000000000003,1503.8247403051425,280.71874999999994,-4.052598380918854,6.335462984323532,2.282864603404676,8.397010648338389,4.344412267419537,6.259231325270593,2.2066329443517376
2019-07-28,294.94374999999997,1679.6620269162224,213.89423611111104,-2.954550380918855,6.034844257082615,3.0802938761637595,6.959712845333278,4.005162464414425,6.014193808649616,3.059643427730762
2019-07-29,294.32729166666667,1826.6888715896769,114.99895833333329,-3.8124649409188556,3.9211291883358075,0.10866424741695162,7.644499495309262,3.832034554390409,3.9307460503153173,0.1182811093964619
2019-07-30,292.7947222222222,1834.985388655826,79.55215277777774,-3.8387222600000004,4.448952452326594,0.6102301923265939,7.281470247922219,3.442747987922221,4.149677388922132,0.3109551289221321
2019-07-31,292.71152777777775,1582.8223913422937,121.32812499999996,-5.9952591056680165,6.239567031202462,0.24430792553444589,9.416592983364042,3.4213338776960267,5.284985750738096,-0.7102733549299202
2019-08-01,292.221875,1431.9966087031141,187.900625,-6.586297003181031,10.18810165252477,3.601804649343741,9.896458006376294,3.3101610031952675,8.41621571918246,1.8299187160014305
2019-08-02,291.83458333333334,1396.1044868205445,210.77354166666666,-7.0558973031810295,11.242140960568845,4.1862436573878155,10.28000282619159,3.224105523010562,9.077119880790976,2.0212225776099455
2019-08-03,291.3339583333333,1421.1686282467442,220.11729166666666,-6.282127657513013,10.674535032266805,4.392407374753792,9.39910078093599,3.1169731234229805,8.69490725500152,2.4127795974885045
2019-08-04,291.64736111111114,1457.3580083451322,202.05472222222218,-5.141317006958395,9.026518080096356,3.88520107313796,8.320224579492336,3.178907572533943,7.683513440048945,2.542196433090551
2019-08-05,292.7504861111111,1460.5053429998115,200.38062499999998,-5.835600077082372,8.080555162851317,2.2449550857689453,9.248054231531247,3.4124541544488776,7.431453525443786,1.5958534483614135
2019-08-06,292.6699305555556,1451.371125744435,112.63666666666664,-5.425053802232586,5.041802120825124,-0.3832516814074638,8.79198043533974,3.366926633107157,4.827846061612633,-0.5972077406199537
2019-08-07,292.6660416666667,1357.690237988527,161.56340277777772,-7.854650421248216,5.543107768120926,-2.3115426531272916,11.23270123630398,3.3780508150557638,5.671591343024597,-2.183059078223621
2019-08-08,292.89472222222224,1347.4331584165623,155.60152777777773,-11.406473751124238,5.985323749210084,-5.421150001914157,14.88537621997987,3.478902468855631,6.383025820154899,-5.023447930969342
2019-08-09,294.07784722222226,1416.5163791536886,218.9813888888888,-16.055196825974022,9.412819610246812,-6.642377215727213,19.842963911267763,3.7877670852937384,10.058556920235288,-5.996639905738738
2019-08-10,294.38958333333335,1394.342796637973,198.6947916666666,-17.935603199999996,10.118436701851001,-7.817166498148996,21.81161106936114,3.8760078693611404,10.632774778031953,-7.302828421968044
2019-08-11,293.02243055555556,1306.1524223455174,208.82055555555544,-17.935603199999996,10.729057455062252,-7.2065457449377455,21.477186592860942,3.541583392860943,10.877070479319633,-7.058532720680366
2019-08-12,290.9218055555555,1165.5530612854616,213.07631944444438,-15.046312521656224,10.587163130493705,-4.459149391162521,18.158761160267193,3.1124486386109687,10.295116021694605,-4.751196499961621
2019-08-13,289.30645833333335,1094.2639552584685,221.67583333333323,-10.787913484934913,9.833627983800268,-0.9542855011346462,13.523029546927972,2.7351160619930623,9.169678405952698,-1.618235078982216
2019-08-14,288.7348611111111,1122.8632321756422,182.13687499999992,-5.896727268448345,8.197116003353894,2.30038873490555,8.50584554586633,2.609118277417989,7.3600338874526345,1.463306619004289
2019-08-15,289.5022916666666,1150.6590827737398,181.89166666666662,-4.215964033606363,7.571484164695776,3.3555201310894134,6.9251706570148075,2.7092066234084466,6.537467555902346,2.3215035222959814
2019-08-16,290.5446527777778,1311.9071883343001,144.58124999999995,-3.452240670327674,7.414004364612183,3.961763694284509,6.3953899365206555,2.943149266192984,6.2546923006041295,2.8024516302764546
2019-08-17,291.26875,1468.3994764572547,152.32722222222216,-3.487797286814244,7.7256688356970455,4.237871548882802,6.583545709446883,3.095748422632641,6.490583468906119,3.002786182091874
2019-08-18,291.4809722222222,1476.9752393364518,171.75868055555551,-3.2424249599999997,7.186940202184974,3.9445152421849747,6.393277019944148,3.15085205994415,6.098324055494324,2.8558990954943226
2019-08-19,291.0841666666666,1351.1628549728541,184.1836805555555,-3.59464176,6.916443464415315,3.3218017044153156,6.645810745573851,3.051168985573853,6.200057484968422,2.6054157249684207
2019-08-20,290.73715277777774,1052.951493422039,142.61361111111108,-4.552076596363636,4.447169787803154,-0.10490680856048289,7.517491909540888,2.9654153131772536,4.110070748627677,-0.4420058477359614
2019-08-21,291.61590277777776,957.892211683312,143.52673611111106,-4.581634036363636,4.072604660206044,-0.5090293761575929,7.768261906865477,3.1866278705018423,4.171140389768716,-0.4104936465949211
2019-08-22,293.2390277777778,940.7231231482161,170.1218055555555,-3.8846064075166304,2.920772295651527,-0.9638341118651036,7.465409630023651,3.580803222507024,3.288360126657549,-0.5962462808590834
2019-08-23,295.066875,1094.698808864848,254.79173611111105,-2.6377431781620575,4.315704497755401,1.6779613195933434,6.677814784311995,4.04007160614994,4.728693601077788,2.09095042291573
2019-08-24,295.84756944444445,1309.1051056035374,166.97249999999994,-2.568155178162058,2.569028561054522,0.0008733828924644508,6.799441774414909,4.231286596252854,2.7888730624434714,0.22071788428141303
2019-08-25,296.58368055555553,1526.8591844916875,158.69284722222218,-2.2646216070090635,2.51809016816566,0.25346856115659633,6.721507722500356,4.456886115491296,2.538809522208016,0.2741879151989515
2019-08-26,296.989375,1680.0714662387227,132.4144444444444,-2.6176530381016043,3.039010229849762,0.4213571917481583,7.17231595306961,4.5546629149680085,2.9061799660874144,0.28852692798580915
2019-08-27,297.5879166666667,1745.4110779399682,186.2706944444444,-2.502330638101604,5.0233343055170385,2.5210036674154352,7.234707794373057,4.732377156271456,4.652597923901079,2.150267285799474
2019-08-28,296.68013888888885,1777.1969694716572,172.65874999999994,-2.933807438101604,6.0919198952650575,3.1581124571634533,7.398599697267148,4.464792259165546,5.5272374307047984,2.5934299926031943
2019-08-29,296.2147222222222,1748.2935743508872,158.51083333333327,-2.05541728,5.886882350851802,3.831465070851801,6.399212141272971,4.343794861272975,5.181108648668937,3.1256913686689356
2019-08-30,296.5259722222222,1703.1701951816124,176.77215277777773,-1.59646648,5.818437754069638,4.221971274069638,6.044632065130391,4.448165585130394,4.931776807395533,3.3353103273955322
2019-08-31,295.37125,1606.9287017104125,153.48736111111106,-1.75253728,5.810888975359542,4.0583516953595415,5.930349969171452,4.177812689171454,4.937037550837822,3.184500270837821
2019-09-01,292.88902777777776,1362.76269389005,165.31229166666662,-2.420541351943463,6.22042892371763,3.7998875717741676,6.03150468567483,3.6109633337313696,5.514795657926894,3.0942543059834304
2019-09-02,289.45284722222226,1189.0220247015734,124.22173611111106,-2.5396665519434634,6.10389248350274,3.564225931559278,5.2774959023169385,2.7378293503734787,5.716658189630003,3.176991637686538
2019-09-03,289.1536805555556,1117.1525285400776,151.91340277777772,-2.645672151943463,6.287381898102963,3.6417097461595005,5.317921941016434,2.6722497890729735,5.84068228775523,3.1950101358117653
2019-09-04,288.8226388888889,1154.1237382173847,147.09930555555547,-2.4806448,6.104536789338223,3.6238919893382224,5.08297779032517,2.602332990325173,5.534356792016965,3.053711992016963
2019-09-05,288.3595833333333,1063.5671495115068,193.21326388888883,-2.8921971623319638,6.245356875041543,3.3531597127095787,5.40551101220884,2.513313849876879,5.623755069993621,2.7315579076616565
2019-09-06,287.20194444444445,966.7049948518239,163.60124999999996,-3.544489410970895,6.229322824446996,2.6848334134761007,5.806718848373893,2.262229437403001,5.7297452867341825,2.1852558757632865
2019-09-07,287.4939583333333,951.939843290831,158.35076388888885,-3.9670225349679096,6.176888464694536,2.2098659297266274,6.270430076728631,2.3034075417607247,5.6486931098358655,1.6816705748679543
2019-09-08,286.77291666666673,1111.9703847690432,94.15041666666662,-2.831430972635946,5.422548648481578,2.591117675845633,5.000512260695106,2.169081288059162,4.847397125062353,2.0159661524264063
2019-09-09,286.46465277777776,1112.9896080655342,121.20152777777771,-1.9625267239970146,5.176458568978259,3.2139318449812464,4.075516780300082,2.112990056303071,4.346251614431051,2.3837248904340353
2019-09-10,286.84534722222224,1093.5316532776462,137.9293055555555,-1.1812332,5.335402949387825,4.154169749387825,3.3901653343209475,2.2089321343209507,4.1775696394577375,2.9963364394577354
2019-09-11,288.6683333333333,1142.2728048497097,168.88097222222214,-1.6521780000000001,6.243702403038056,4.591524403038056,4.220034391689088,2.5678563916890913,4.655617134759094,3.0034391347590925
2019-09-12,289.5954166666666,1254.5811829390286,143.4972916666666,-1.2238931999999998,6.232746592090829,5.0088533920908285,3.9713792988113483,2.747486098811351,4.402840249938511,3.1789470499385097
2019-09-13,288.89923611111107,1212.0368965077234,147.52402777777772,-2.045840994782609,6.698817847075225,4.652976852292616,4.635693172676027,2.5898521778934214,4.921063218530162,2.8752222237475515
2019-09-14,288.68895833333335,1049.2313585672366,160.17798611111104,-2.3331065947826084,6.993759764404043,4.660653169621434,4.8895413861782115,2.556434791395605,5.117897685109008,2.7847910903263977
2019-09-15,286.93638888888887,1030.5266537420082,136.26673611111104,-2.036207394782609,6.470823923151419,4.43461652836881,4.262819557441114,2.226612162658508,4.882962936510153,2.8467555417275427
2019-09-16,285.74847222222223,1070.9575765622606,109.27062499999994,-1.2234816000000002,5.926923878907734,4.703442278907733,3.2626899906524627,2.0392083906524654,4.42609615695173,3.2026145569517293
2019-09-17,283.38666666666666,1041.6184750230937,98.43208333333327,-1.3803336000000002,5.794467904163313,4.414134304163313,2.98330629347646,1.6029726934764625,4.631881229312353,3.251547629312352
2019-09-18,283.14034722222215,896.4966339482941,132.3646527777777,-2.292156,6.319798528031261,4.027642528031262,3.8655667760100605,1.5734107760100633,5.134000820976318,2.8418448209763176
2019-09-19,283.59402777777774,857.4902887093214,146.12673611111106,-3.0527240808618266,6.47798943331657,3.425265352454744,4.7041182568436435,1.6513941759818191,5.3979877019428555,2.345263621081027
2019-09-20,285.5432638888889,853.3238537818435,164.5184027777777,-2.7371840808618266,5.903102562774869,3.165918481913042,4.736975995908816,1.9997919150469918,4.831819555855133,2.094635474993304
2019-09-21,287.88097222222217,904.7918676416803,174.7077777777777,-1.7732264808618263,5.186557148080929,3.4133306672191033,4.220851442460814,2.44762496159899,4.180545486249618,2.407319005387789
2019-09-22,289.1035416666667,982.1663643492035,122.22652777777772,-0.7929847168831167,3.0621754524297367,2.2691907355466205,3.450571657358806,2.657586940475692,2.3719288205069016,1.578944103623783
2019-09-23,289.0519444444445,1089.5560091376908,59.18777777777771,-0.791486275324675,1.380453618576225,0.5889673432515504,3.4205024513453695,2.629016176020697,1.070378990907284,0.27889271558260753
2019-09-24,287.88701388888893,1224.7594894268714,22.930069444444374,-1.373241475324675,1.1780249497232897,-0.1952165256013846,3.7405404688920734,2.3672989935674007,1.0861365347844065,-0.28710494054026986
2019-09-25,287.8905555555555,1333.2097441174758,58.62874999999993,-1.572283901298701,2.670036873992055,1.0977529726933544,3.94708500014276,2.374801098844062,2.4390437484529635,0.8667598471542609
2019-09-26,287.4807638888889,1418.7326498672367,78.0329166666666,-1.437839142857143,3.751012559928442,2.3131734170712996,3.735142932002512,2.2973037891453707,3.408994168592855,1.9711550257357107
2019-09-27,287.6520138888889,1389.1244685634526,91.03444444444438,-0.8327559428571428,3.910188459419558,3.077432516562416,3.1662707119455207,2.33351476908838,3.424957771118978,2.592201828261833
2019-09-28,287.3280555555555,1347.6911592114745,69.06673611111104,-0.055224000000000086,3.591617840592876,3.536393840592877,2.321501911826479,2.2662779118264815,2.9747170283485187,2.919493028348517
2019-09-29,286.9472916666667,1274.5077054662609,88.94173611111103,0.573084,4.044800441447205,4.617884441447207,1.6250764946034781,2.198160494603481,3.204958865763571,3.778042865763569
2019-09-30,286.70812499999994,1302.9236840533429,68.07506944444438,0.7780032,4.008731551230981,4.786734751230982,1.3796964053998033,2.157699605399806,2.954361537827669,3.7323647378276674
2019-10-01,284.6619444444444,1172.4772326150444,94.54090277777772,-0.10914479999999978,4.7441807552288795,4.63503595522888,1.9377773283322777,1.8286325283322806,3.6094979099527458,3.5003531099527443
2019-10-02,283.383125,1105.928172170354,89.78944444444437,-0.6979058999999997,4.910558183861194,4.2126522838611935,2.324216899689279,1.6263109996892815,3.7451478880955906,3.0472419880955885
2019-10-03,281.55673611111115,988.3837746614739,87.19944444444438,-0.9284525999999999,4.819488436537109,3.891035836537109,2.262348387106268,1.3338957871062709,3.809879878768818,2.881427278768816
2019-10-04,281.3098611111111,974.417177254335,71.45833333333326,-0.22621499999999986,4.056359887255976,3.830144887255976,1.5272663157341357,1.3010513157341383,3.0678701942059274,2.841655194205926
2019-10-05,279.91229166666665,896.9377112011894,55.557569444444376,0.14296050000000013,3.255775748931947,3.398736248931948,0.98486562578389,1.1278261257838924,2.413628081807603,2.556588581807601
2019-10-06,279.31631944444445,792.3569857221058,88.89826388888882,-0.34791839999999974,3.4557472577327104,3.107828857732711,1.4095165326287848,1.0615981326287873,2.6265981498332853,2.278679749833284
2019-10-07,280.45465277777777,887.1194730283337,73.27861111111106,0.0078048000000003155,3.143642741452504,3.151447541452504,1.2166926209495066,1.2244974209495092,2.341256295896631,2.3490610958966296
2019-10-08,282.4346527777778,972.9782567179709,77.29527777777771,-0.1919591999999998,3.7610526450568558,3.5690934450568563,1.6778255529345703,1.4858663529345726,2.8459762565967766,2.654017056596775
2019-10-09,283.5854166666666,1070.8022254043224,58.41222222222215,-0.06293519999999986,3.890199955314303,3.8272647553143044,1.6937315376981348,1.6307963376981374,2.9612949569533313,2.8983597569533295
2019-10-10,284.26756944444446,1060.2642896306288,67.44874999999993,-0.14595119999999992,4.236314011591618,4.090362811591619,1.893116931624198,1.7471657316242002,3.292700419309354,3.1467492193093523
2019-10-11,286.1189583333334,1138.9779600176719,82.31909722222217,0.2371488000000002,4.147743930957646,4.384892730957646,1.8388050961122822,2.0759538961122845,3.107616522196542,3.3447653221965403
2019-10-12,289.3325,1331.2222895168218,80.31770833333327,0.8685456000000004,4.029036353013417,4.897581953013417,1.8310973797767867,2.699642979776789,2.785741429976703,3.6542870299767003
2019-10-13,290.9723611111111,1483.7322788225163,101.7879166666666,0.33718560000000025,4.355076100317993,4.692261700317994,2.6877034677604565,3.0248890677604585,3.0223592150603387,3.359544815060337
2019-10-14,291.6799305555556,1565.4899596525117,99.61798611111105,0.6554603495743666,3.941907084932812,4.59736743450718,2.498905629655947,3.1543659792303154,2.653547829546219,3.3090081791205836
2019-10-15,289.28916666666663,1463.6925010627808,89.53874999999994,0.9621587495743666,3.1638222678125523,4.125981017386919,1.6980146083605645,2.660173357934933,2.1857383538713293,3.1478971034456946
2019-10-16,287.93027777777775,1361.051437712915,61.56784722222216,1.5832091495743665,2.190396102352688,3.7736052519270546,0.7980455871660554,2.381254736740424,1.4752274661687512,3.058436615743116
2019-10-17,285.94604166666664,1245.868711348412,39.14555555555549,1.4326992000000003,1.9211162512819104,3.353815451281911,0.5884453293850319,2.0211445293850345,1.3812014919319775,2.8139006919319756
2019-10-18,285.91499999999996,1205.0514164573135,40.09743055555549,0.7891128000000003,2.1973399126960005,2.986452712696001,1.2290198570356132,2.018132657035616,1.6781705231375224,2.4672833231375204
2019-10-19,285.8661805555555,1236.4105062253232,40.26555555555549,0.5617224000000002,2.290088973768748,2.851811373768749,1.4467492487401223,2.008471648740125,1.7670874879463103,2.3288098879463086
2019-10-20,286.62319444444444,1306.7535461449313,45.59062499999993,0.23090688000000015,2.4961617499037523,2.727068629903753,1.9135591389561455,2.144466018956148,1.9602172530682578,2.1911241330682563
2019-10-21,286.5469444444445,1305.0881738655983,56.72902777777771,0.054537981818182,2.7741502534329587,2.8286882352511413,2.0748506317184927,2.1293886135366775,2.2169164933113343,2.2714544751295147
2019-10-22,285.95812500000005,1267.2828067964713,74.46243055555549,0.132290781818182,3.1692773655959576,3.3015681474141405,1.8989553682002815,2.031246150018466,2.5540951140304107,2.686385895848591
2019-10-23,284.9830555555555,1234.25697068301,68.10444444444438,0.864227901818182,2.752448621290018,3.6166765231082003,0.9914898314299337,1.8557177332481185,2.2085682896788374,3.0727961914970177
2019-10-24,285.54569444444445,1233.4632339473328,67.33076388888882,1.4780256000000003,2.481727839563986,3.9597534395639866,0.47724570232733693,1.9552713023273398,1.8819154262576419,3.35994102625764
2019-10-25,286.5954861111111,1188.4258759207014,68.28770833333327,1.3161120000000002,2.5966648611859546,3.9127768611859555,0.8321726156232776,2.1482846156232807,1.8273831588499643,3.1434951588499622
2019-10-26,285.8316304347826,1065.7169139784503,65.5288586956521,1.2479304000000002,2.5415850730373926,3.7895154730373934,0.8070457726596789,2.054976172659682,1.7507711960811985,2.998701596081196
2019-10-27,283.6489221014493,971.475250610791,65.36635869565211,1.0871976000000003,2.5335471752850887,3.620744775285089,0.6370236484966877,1.7242212484966906,1.7293092866359394,2.816506886635937
2019-10-28,280.4617693236715,840.5119259348384,60.980247584541,1.3903392000000003,1.9810539655520696,3.3713931655520706,-0.15639054452879195,1.233948655471211,1.3645340724071089,2.754873272407107
2019-10-29,278.54812499999997,739.7588262798721,81.95041666666661,0.7433553163636365,2.101461841993682,2.844817158357319,0.22809963702671798,0.9714549533903573,1.5054881400860705,2.248843456449705
2019-10-30,276.8406944444444,649.3875266811716,85.16812499999993,1.0136937163636366,1.6264942333801953,2.6401879497438325,-0.21784342245872015,0.7958502939049189,1.220616873554732,2.234310589918367
2019-10-31,275.7542361111111,623.5932965496962,75.10208333333327,1.5019473163636368,1.3110965886021797,2.8130439049658165,-0.8056651135439142,0.6962822028197247,1.0466650195167553,2.54861233588039
2019-11-01,278.28451388888885,813.2221953747467,57.376319444444384,1.9218168000000002,1.29780652467118,3.2196233246711805,-0.8894810211757923,1.0323357788242105,0.9409431073651048,2.8627599073651027
2019-11-02,281.26,1004.3266545767474,36.22979166666661,1.7856198,1.4313857748897172,3.217005574889718,-0.4031144629182252,1.3825053370817777,0.9192904293368852,2.704910229336883
2019-11-03,283.8851388888889,1143.1363263971416,34.85069444444438,0.9724026842615011,1.7165274903737737,2.6889301746352756,0.704667474435945,1.6770701586974492,1.0107018462626745,1.983104530524174
2019-11-04,282.78451388888885,1068.6977893450403,31.946527777777714,0.8601953430850307,1.5881085267865434,2.4483038698715744,0.6420661172223822,1.5022614603074158,0.9946054900454621,1.8548008331304906
2019-11-05,281.33819444444447,990.7089682986037,25.66673611111105,0.8837555430850307,1.2848431486572853,2.1685986917423166,0.41780772147641637,1.3015632645614499,0.8751834105474527,1.7589389536324813
2019-11-06,280.43208333333337,932.8632986504377,24.863888888888823,1.1077863731092437,1.1954506380896848,2.303237011198929,0.07691669802035409,1.1847030711296007,0.9646296728524942,2.072416045961736
2019-11-07,279.7715972222222,885.1007018265085,22.88430555555549,1.047968481818182,1.2197804706833457,2.267748952501528,0.05822992701107618,1.106198408829261,1.048775250159456,2.096743731977636
2019-11-08,279.2757638888889,842.7103859194243,26.256249999999937,1.0348870640346675,1.1256658093251308,2.1605528733597983,0.015502700484125479,1.0503897645187956,0.9304194686070625,1.9653065326417278
2019-11-09,278.43104166666666,764.761955128955,38.02618055555549,0.8897768122064956,0.8106764800573153,1.7004532922638111,0.05721548885405406,0.9469923010605523,0.6063950442387577,1.496171856445251
2019-11-10,277.35499999999996,697.1363306725798,29.575694444444384,1.2627972446740279,0.32714102124634586,1.5899382659203745,-0.42711685329672194,0.8356803913773088,0.1937238624841863,1.4565211071582123
2019-11-11,277.13458333333335,644.6133228811854,39.136666666666606,1.3556330624575426,0.25296308943459334,1.6085961518921366,-0.540390106981323,0.8152429554762225,0.09570491489848339,1.451337977356024
2019-11-12,276.8132638888889,634.1565527193721,29.43597222222216,1.5198336000000001,0.2942510482280936,1.814084648228094,-0.7361787147951123,0.7836548852048905,0.0730930450747501,1.5929266450747483
2019-11-13,277.03319444444446,650.983033734709,50.69715277777772,1.3800744,0.45124429383679326,1.8313186938367938,-0.5737079178131922,0.8063664821868106,0.15110150418624338,1.5311759041862416
2019-11-14,277.0611111111111,707.4468838388983,37.61777777777771,1.5495685714285716,0.44636344359122687,1.9959320150197986,-0.7387119851405335,0.8108565862880407,0.1699257635781217,1.7194943350066911
2019-11-15,277.0804166666667,735.68849084999,32.012152777777715,1.4058193714285716,0.426086431935849,1.8319058033644209,-0.5938943571364357,0.8119250142921386,0.2536533666577385,1.659472738086308
2019-11-16,276.8829166666667,748.6830305626019,12.958472222222161,2.0362602655462188,0.2741243859848555,2.310384651531075,-1.242851784390225,0.7934084811559964,0.17944634052502564,2.215706606071242
2019-11-17,276.9219444444445,755.053782818648,9.569791666666605,2.2561299522994656,0.1798187926103679,2.4359487449098336,-1.461831640861827,0.7942983114376408,0.14255033521128233,2.398680287510746
2019-11-18,277.1198611111111,724.2879205369699,17.895555555555493,2.2238421215302346,0.15521341019025822,2.3790555317204936,-1.4098382968084013,0.8140038247218359,0.07478912705023504,2.2986312485804676
2019-11-19,277.19416666666666,719.3400396050779,21.363819444444385,1.3871648958776113,0.33068396758217605,1.7178488634597875,-0.5702969726733526,0.8168679232042608,0.2166886851979666,1.6038535810755754
2019-11-20,277.1660416666667,725.071389067697,21.261319444444386,1.3363234376957926,0.3863569134091129,1.7226803511049062,-0.522190286360693,0.8141331513351023,0.2166886851979666,1.5530121228937572
2019-11-21,276.9721527777778,779.0574838515296,12.180138888888829,1.8707263225826705,0.3658054603796337,2.2365317829623046,-1.0756994669829227,0.7950268555997505,0.22432746856203192,2.0950537911447005
2019-11-22,277.3595833333333,819.8924807244134,15.01749999999994,2.2883813310407244,0.40689636345210695,2.6952776944928316,-1.4516445725683969,0.8367367584723299,0.2340161706893539,2.522397501730076
2019-11-23,277.0008333333333,799.358711838324,16.546944444444385,2.108028531040724,0.4204630615999015,2.5284915926406257,-1.3067523440175215,0.8012761870232051,0.3008772065280094,2.4089057375687317
2019-11-24,276.32638888888886,765.6558599662573,8.992569444444383,1.6180935323076924,0.49595970298438213,2.1140532352920753,-0.8765715355017626,0.7415219968059326,0.447168696307513,2.0652622286152034
2019-11-25,276.46402777777774,771.8010706821075,11.590902777777716,0.8358113225274727,0.5169716840823623,1.3527830066098356,-0.07411558477838869,0.7616957377490866,0.5893068828527307,1.4251182053802012
2019-11-26,277.6029861111111,813.8043676304056,10.882430555555494,0.07482172252747267,0.5307113134853475,0.6055330360128207,0.8106238914767324,0.8854456140042076,0.6297836809773182,0.7046054035047887
2019-11-27,279.9769444444444,886.9464175252389,16.367986111111048,0.09805246714285736,0.4217180119968374,0.5197704791396952,1.0492174680773445,1.147269935220204,0.47263364664659796,0.5706861137894533
2019-11-28,279.5083333333333,826.27728046101,12.735624999999937,0.8861832000000002,0.20282828763895874,1.0890114876389594,0.20952773010931694,1.0957109301093195,0.19101233309004684,1.077195533090045
2019-11-29,277.99937500000004,747.0257241324274,24.394513888888827,1.7151624000000003,0.2711656593031474,1.9863280593031478,-0.7750071564494313,0.9401552435505712,0.21396825137605902,1.929130651376057
2019-11-30,275.49625,654.1398859111674,26.666249999999938,1.855152691306183,0.30281995588354643,2.15797264718973,-1.1764570879945448,0.6786956033116406,0.2494621949620579,2.104614886268239
2019-12-01,275.0007638888889,660.5641008495398,23.192569444444384,1.815777691306183,0.4878934790388307,2.303671170345014,-1.1808344546649305,0.6349432366412548,0.4189510088682371,2.2347287001744185
2019-12-02,275.43013888888885,689.9042110337926,13.111111111111052,1.7666592913061832,0.48705685847415126,2.253716149780335,-1.0934111529254906,0.6732481383806949,0.41903518923612476,2.1856944805423058
2019-12-03,276.31812499999995,695.1800105685011,19.180416666666606,1.5452867314285716,0.46616094148017834,2.01144767290875,-0.8111530920462755,0.7341336393822986,0.37003324142072463,1.915319972849294
2019-12-04,276.6175694444444,639.1644060911964,33.13326388888883,1.0942592831957232,0.35125274234692166,1.4455120255426455,-0.33535821237979907,0.7589010708159268,0.2624366434828647,1.3566959266785859
2019-12-05,276.33958333333334,594.8334085150894,33.46416666666661,1.0385384831957232,0.33530458083924186,1.3738430640349655,-0.302308103897358,0.7362303792983678,0.26088710840618856,1.29942559160191
2019-12-06,277.20958333333334,669.8232574081494,22.10361111111105,1.566171951767152,0.38800892246443913,1.9541808742315914,-0.7279833068788305,0.8381886448883239,0.3380201400301779,1.9041920917973278
2019-12-07,278.8118055555555,764.4086936517597,8.200277777777716,2.0438736,0.37715163167775484,2.4210252316777554,-1.0324658452440776,1.0114077547559253,0.3080817090619877,2.3519553090619856
2019-12-08,279.68909722222224,801.8716716029854,13.39659722222216,2.2285464000000004,0.3138140628842803,2.542360462884281,-1.1329346570038197,1.095611742996183,0.20005063515350519,2.428597035153503
2019-12-09,278.18340277777776,708.8645717531646,22.61180555555549,2.0171592,0.3204530467967283,2.337612246796729,-1.0742661903561253,0.9428930096438775,0.14612072203056498,2.1632799220305627
2019-12-10,276.0940972222222,636.9883444702999,20.92423611111105,1.4408928,0.4111537304843212,1.8520465304843219,-0.7125183742555481,0.7283744257444545,0.23055518728791577,1.6714479872879136
2019-12-11,274.76138888888886,607.4808904608548,16.47277777777772,1.1052144000000002,0.5294141304475515,1.6346285304475519,-0.5016157662869549,0.6035986337130478,0.35304754795008647,1.4582619479500842
2019-12-12,274.0217361111111,598.5731995693109,11.838541666666606,1.0251144,0.4732336122071355,1.498348012207136,-0.4786276147883635,0.5464867852116392,0.3614999598430419,1.3866143598430398
2019-12-13,274.5994444444445,630.404576982629,15.052708333333273,1.046952,0.5497943440053746,1.596746344005375,-0.4523942457134423,0.5945577542865603,0.4516235152276649,1.4985755152276632
2019-12-14,275.94680555555556,634.2103227231456,23.023194444444385,1.0366848,0.5099234533352403,1.5466082533352408,-0.3148064370493869,0.7218783629506157,0.4154291007885482,1.4521139007885464
2019-12-15,278.1322916666666,724.1084292761167,16.78472222222216,1.0972080000000002,0.44193547928313404,1.5391434792831344,-0.16866481802072938,0.9285431819792732,0.35715598853311153,1.4543639885331097
2019-12-16,280.65479166666665,775.884525668369,18.911180555555493,1.6159608,0.3240766873479083,1.940037487347909,-0.3714752859195786,1.2444855140804243,0.17058928222541858,1.7865500822254166
2019-12-17,281.436875,840.2156264335969,14.363680555555495,1.9072152000000002,0.24151798905024258,2.1487331890502435,-0.5660458248302885,1.341169375169714,0.08765397706145357,1.9948691770614515
2019-12-18,281.2398611111111,841.5713795130356,19.977777777777714,5.452987963636364,0.2208051769932057,5.67379314062957,-4.1357225028902915,1.3172654607460743,0.06936409111735421,5.522352054753715
2019-12-19,280.1218055555555,832.4723509035574,24.371527777777715,6.145911403636364,0.1530241486005517,6.298935552236916,-4.9908435178893,1.1550678857470666,0.0608845229795306,6.206795926615892
2019-12-20,279.70923611111107,806.77466190914,30.745555555555494,5.830565803636364,0.2700473893904359,6.1006131930268,-4.730368959247913,1.1001968443884536,0.11506601337770161,5.945631817014063
2019-12-21,279.075625,777.2107600141745,27.750208333333273,2.8776266400000003,0.29366415457785716,3.171290794577858,-1.8437181898253066,1.0339084501746956,0.12161472892572783,2.9992413689257256
2019-12-22,278.5285416666666,778.6787360225823,23.532361111111047,1.7598023999999999,0.33682332692306316,2.096625726923064,-0.7938178455985146,0.9659845544014876,0.1611562954724787,1.9209586954724769
2019-12-23,277.99104166666666,787.7244964562693,14.942777777777716,1.4467679999999998,0.23822157457660467,1.6849895745766055,-0.5428000353212079,0.9039679646787945,0.15370116665494252,1.6004691666549409
2019-12-24,278.0830555555555,804.450518092417,12.889791666666605,0.07086960000000005,0.3585010366242673,0.429370636624268,0.8388365549663167,0.9097061549663191,0.28149969858998497,0.3523692985899831
2019-12-25,277.37402777777777,769.0282401906957,12.234513888888827,-0.025055363680387372,0.4785647737204246,0.45350941004003786,0.8617421072007813,0.8366867435203963,0.4217089976389849,0.39665363395859554
2019-12-26,276.27624999999995,701.6184227842144,10.943819444444381,0.3039215848104088,0.42755243656115,0.7314740213715595,0.4346232730215686,0.7385448578319798,0.38459192130268877,0.6885135061130958
2019-12-27,274.31784722222227,589.9099078110766,15.840347222222158,0.9765740575376816,0.27733561567995957,1.2539096732176418,-0.39021997902777944,0.5863540785099044,0.2478755031122569,1.2244495606499364
2019-12-28,273.3320833333333,487.99850994493437,22.586388888888823,1.1230547846227814,0.1099941537592336,1.2330489383820156,-0.5974310011872155,0.5256237834355681,0.08841831145235353,1.211473096075133
2019-12-29,275.56430555555556,353.51644591699954,30.94152777777772,1.4402274361319851,0.17653593995134495,1.6167633760833306,-0.6782503890974406,0.7619770470345468,0.09863714950600377,1.538864585637987
2019-12-30,277.43044082125607,415.557899486023,30.052868357487863,1.6245117634047122,0.2507332264263969,1.8752449898311099,-0.7307473566158214,0.8937644067888934,0.1306644117623857,1.7551761751670962
2019-12-31,279.3047237318841,425.55196867338753,26.323156702898462,1.9658267999999999,0.2853108504753981,2.2511376504753993,-0.9155427575344419,1.0502840424655617,0.12449796058117729,2.0903247605811743
