date,NDVI,EVI,EVI2,CLr,MNDVI,MNDWI,LSWI,NDII
2019-01-20,0.3564604,0.20632163,0.1620511,0.41877133,0.16294521,-0.014163013,0.3807041,0.5071122
2019-01-21,0.3664294,0.2054941,0.16225758,0.4408807,0.1688267,-0.051094357,0.3616609,0.48422548
2019-01-22,0.37623766,0.2046931,0.16257095,0.46256813,0.17464483,-0.08755512,0.34283933,0.4616953
2019-01-23,0.38586715,0.20391779,0.162987,0.48378175,0.18038285,-0.12348401,0.32422915,0.43956137
2019-01-24,0.3952998,0.20316736,0.1635015,0.5044697,0.18602403,-0.15881975,0.30582017,0.41786337
2019-01-25,0.4045175,0.20244105,0.16411024,0.52458,0.19155157,-0.19350106,0.28760216,0.396641
2019-01-26,0.4135022,0.20173804,0.16480905,0.54406077,0.19694875,-0.22746666,0.26956496,0.37593392
2019-01-27,0.4222358,0.20105754,0.1655937,0.5628602,0.20219882,-0.26065525,0.2516983,0.35578188
2019-01-28,0.4307002,0.20039874,0.16645996,0.5809263,0.207285,-0.2930056,0.233992,0.3362246
2019-01-29,0.43887737,0.19976084,0.16740367,0.59820724,0.21219055,-0.32445636,0.21643585,0.31730172
2019-01-30,0.4467492,0.19914304,0.16842057,0.6146511,0.21689872,-0.35494632,0.19901964,0.29905295
2019-01-31,0.45429766,0.19854453,0.16950649,0.630206,0.22139277,-0.38441414,0.18173316,0.281518
2019-02-01,0.4615046,0.19796455,0.17065722,0.64482,0.2256559,-0.41279855,0.1645662,0.2647366
2019-02-02,0.468352,0.19740225,0.17186853,0.65844125,0.2296714,-0.4400383,0.14750856,0.2487484
2019-02-03,0.47482175,0.19685687,0.17313623,0.6710178,0.2334225,-0.46607208,0.13055001,0.23359312
2019-02-04,0.48089576,0.19632758,0.17445612,0.6824979,0.23689246,-0.49083865,0.11368037,0.21931046
2019-02-05,0.486556,0.1958136,0.17582396,0.6928295,0.2400645,-0.5142767,0.0968894,0.2059401
2019-02-06,0.49178433,0.19531412,0.17723557,0.70196074,0.24292189,-0.53632486,0.08016691,0.19352175
2019-02-07,0.49656272,0.19482836,0.17868674,0.7098398,0.24544786,-0.556922,0.063502684,0.18209513
2019-02-08,0.5008731,0.19435549,0.18017326,0.7164147,0.24762566,-0.57600677,0.046886515,0.1716999
2019-02-09,0.5046973,0.19389473,0.18169092,0.72163355,0.24943855,-0.5935179,0.030308189,0.16237578
2019-02-10,0.50801736,0.19344527,0.1832355,0.72544456,0.25086975,-0.6093941,0.013757503,0.15416247
2019-02-11,0.51081514,0.1930063,0.1848028,0.72779566,0.25190255,-0.6235741,-0.0027757557,0.14709964
2019-02-12,0.5130726,0.19257706,0.18638863,0.72863513,0.25252014,-0.6359966,-0.019301794,0.14122704
2019-02-13,0.5147716,0.19215672,0.18798877,0.727911,0.2527058,-0.6466003,-0.035830826,0.13658433
2019-02-14,0.5158941,0.19174448,0.189599,0.72557133,0.25244278,-0.655324,-0.052373055,0.13321123
2019-02-15,0.51595664,0.19161049,0.1924808,0.7184021,0.25145692,-0.66073763,-0.06778978,0.13439535
2019-02-16,0.513985,0.1916101,0.1956039,0.7099912,0.25029188,-0.66061777,-0.07968195,0.13568197
2019-02-17,0.5107408,0.1911286,0.1963211,0.7059183,0.24962991,-0.65703607,-0.08636364,0.13234566
2019-02-18,0.50748575,0.19009434,0.19476436,0.70437175,0.24926995,-0.65301234,-0.08832617,0.12773706
2019-02-19,0.5042159,0.18869886,0.19166075,0.7044161,0.249097,-0.64871746,-0.08695506,0.12239644
2019-02-20,0.50092715,0.18713371,0.18773732,0.705116,0.24899615,-0.6443221,-0.083635844,0.11686405
2019-02-21,0.49761558,0.18559045,0.18372113,0.70553577,0.24885245,-0.6399971,-0.079754055,0.11168016
2019-02-22,0.49427715,0.18426059,0.1803392,0.7047402,0.24855094,-0.63591325,-0.07669522,0.107385024
2019-02-23,0.49090794,0.1833357,0.17831863,0.7017938,0.24797668,-0.63224137,-0.07584486,0.1045189
2019-02-24,0.48750392,0.18300733,0.17838645,0.695761,0.2470147,-0.6291522,-0.07858852,0.10362205
2019-02-25,0.4840049,0.18789053,0.18496789,0.66114175,0.23860626,-0.6275572,-0.08796963,0.10592579
2019-02-26,0.48043412,0.19386695,0.19190831,0.61973226,0.22785343,-0.6261513,-0.095353074,0.108432785
2019-02-27,0.4764897,0.19585033,0.19351079,0.59856516,0.22204347,-0.6229695,-0.09629548,0.10898752
2019-02-28,0.47183955,0.19738977,0.1942332,0.5780491,0.21639314,-0.6182511,-0.097106725,0.10931767
2019-03-01,0.46655935,0.19852975,0.19416505,0.55825734,0.2109231,-0.6121486,-0.097784385,0.10944532
2019-03-02,0.4607248,0.19931474,0.19339584,0.53926295,0.20565404,-0.60481435,-0.09832602,0.10939254
2019-03-03,0.45441154,0.19978923,0.19201507,0.5211392,0.20060658,-0.59640086,-0.098729216,0.109181404
2019-03-04,0.44769529,0.19999766,0.19011223,0.5039593,0.1958014,-0.5870606,-0.09899153,0.10883399
2019-03-05,0.44065168,0.19998457,0.18777683,0.4877964,0.19125919,-0.5769459,-0.09911054,0.108372375
2019-03-06,0.43335643,0.19979437,0.18509836,0.47272375,0.18700057,-0.5662093,-0.0990838,0.10781863
2019-03-07,0.4258852,0.19947158,0.18216634,0.45881453,0.18304624,-0.5550032,-0.098908916,0.10719484
2019-03-08,0.41831362,0.19906066,0.17907025,0.44614196,0.17941684,-0.54348004,-0.09858343,0.106523074
2019-03-09,0.41071746,0.1986061,0.1758996,0.4347792,0.17613302,-0.5317923,-0.09810493,0.10582541
2019-03-10,0.4031723,0.19815236,0.17274389,0.42479947,0.17321548,-0.52009237,-0.09747097,0.105123915
2019-03-11,0.3957539,0.19774394,0.1696926,0.41627598,0.17068484,-0.50853264,-0.096679136,0.10444067
2019-03-12,0.38853785,0.19742529,0.16683525,0.4092819,0.1685618,-0.4972657,-0.09572699,0.103797756
2019-03-13,0.3815999,0.1972409,0.16426133,0.40389046,0.16686702,-0.48644385,-0.09461211,0.103217244
2019-03-14,0.3750157,0.19723524,0.16206035,0.40017486,0.16562113,-0.47621962,-0.09333206,0.10272121
2019-03-15,0.36886093,0.1974528,0.1603218,0.39820826,0.16484483,-0.46674538,-0.09188442,0.10233172
2019-03-16,0.36321124,0.19793804,0.15913518,0.39806387,0.16455875,-0.45817363,-0.09026675,0.10207087
2019-03-17,0.35814235,0.19873545,0.15858999,0.39981493,0.16478358,-0.45065677,-0.08847662,0.10196072
2019-03-18,0.35372987,0.19988951,0.15877573,0.40353462,0.16553997,-0.44434726,-0.08651162,0.10202335
2019-03-19,0.35004956,0.20144467,0.1597819,0.4092961,0.16684859,-0.4393975,-0.0843693,0.10228083
2019-03-20,0.34717706,0.20344545,0.161698,0.4171726,0.16873008,-0.43596002,-0.08204724,0.10275525
2019-03-21,0.34518802,0.20593628,0.16461353,0.42723736,0.17120513,-0.43418717,-0.07954301,0.10346867
2019-03-22,0.34602308,0.20906037,0.16851097,0.44058046,0.17474082,-0.4353463,-0.076944664,0.10447574
2019-03-23,0.35108432,0.21283215,0.173196,0.4577346,0.17961337,-0.44014364,-0.074341215,0.10582366
2019-03-24,0.35963973,0.21710296,0.178493,0.47793692,0.18555717,-0.44789004,-0.07173165,0.10752336
2019-03-25,0.37095726,0.22172412,0.18422627,0.50042444,0.19230662,-0.45789638,-0.069114976,0.109585784
2019-03-26,0.38430488,0.226547,0.19022018,0.52443415,0.19959612,-0.4694735,-0.066490196,0.11202185
2019-03-27,0.39895052,0.23142293,0.19629903,0.5492032,0.20716007,-0.4819323,-0.0638563,0.114842504
2019-03-28,0.41416216,0.23620327,0.20228718,0.5739686,0.21473283,-0.4945836,-0.061212298,0.11805867
2019-03-29,0.42920777,0.24073933,0.20800897,0.59796745,0.22204882,-0.5067383,-0.05855718,0.12168127
2019-03-30,0.4433553,0.24488248,0.21328874,0.6204368,0.22884242,-0.51770717,-0.05588994,0.12572126
2019-03-31,0.45587268,0.24848406,0.21795082,0.6406137,0.23484802,-0.52680117,-0.053209595,0.13018955
2019-04-01,0.46602792,0.2513954,0.22181953,0.6577351,0.23980004,-0.5333311,-0.05051513,0.13509709
2019-04-02,0.47308895,0.25346786,0.22471926,0.67103827,0.24343283,-0.53660786,-0.047805548,0.1404548
2019-04-03,0.4775487,0.25494263,0.22706698,0.67924976,0.2455473,-0.53713363,-0.04504311,0.14752543
2019-04-04,0.48096496,0.2562268,0.22939955,0.6835989,0.24663845,-0.536457,-0.042204,0.15669227
2019-04-05,0.48420313,0.25742066,0.23172107,0.6870767,0.24748188,-0.5354587,-0.039308093,0.16664696
2019-04-06,0.48812848,0.25862435,0.23403566,0.6926742,0.24885319,-0.53501916,-0.036375273,0.17608123
2019-04-07,0.49360636,0.25993812,0.23634736,0.7033824,0.251528,-0.536019,-0.033425417,0.18368673
2019-04-08,0.5003038,0.2612976,0.23859465,0.7194714,0.25552276,-0.53828156,-0.029296659,0.18947724
2019-04-09,0.5073041,0.2626205,0.24074583,0.7386589,0.26020706,-0.5410089,-0.023186889,0.19448711
2019-04-10,0.5145965,0.2639802,0.24284978,0.76010716,0.26538596,-0.54415005,-0.015655607,0.19893895
2019-04-11,0.5221707,0.26545006,0.2449554,0.78297824,0.27086467,-0.5476539,-0.007262316,0.20305538
2019-04-12,0.5300162,0.26710343,0.24711157,0.8064344,0.27644828,-0.5514694,0.0014334789,0.20705901
2019-04-13,0.53812236,0.26901367,0.2493672,0.8296378,0.28194198,-0.5555455,0.009872276,0.21117246
2019-04-14,0.54647875,0.2712542,0.25177118,0.8517507,0.2871509,-0.5598312,0.017494572,0.21561833
2019-04-15,0.5550749,0.27389836,0.25437236,0.8719352,0.29188013,-0.5642753,0.023740863,0.22061925
2019-04-16,0.56426996,0.2819008,0.26544672,0.87575746,0.29099232,-0.5753985,0.015156725,0.22712138
2019-04-17,0.5765745,0.2942913,0.28134432,0.889872,0.29543802,-0.5836754,0.012417414,0.23747712
2019-04-18,0.5927996,0.30641538,0.29314986,0.94791806,0.31119272,-0.5769982,0.032044474,0.25871456
2019-04-19,0.61096287,0.3195299,0.3045801,1.0312071,0.32782245,-0.56460845,0.054226827,0.28809264
2019-04-20,0.63009053,0.33368796,0.31674296,1.1220425,0.3446501,-0.5544102,0.075100556,0.31328982
2019-04-21,0.6497964,0.35666063,0.33444417,1.212712,0.36136293,-0.5485232,0.09366555,0.32763043
2019-04-22,0.6700314,0.3772697,0.35159978,1.3068116,0.37810194,-0.54461,0.11256858,0.34372637
2019-04-23,0.6934764,0.38622472,0.36283547,1.4292186,0.39683014,-0.5482588,0.1333831,0.36816323
2019-04-24,0.7189112,0.39419094,0.37318408,1.5643096,0.4163608,-0.55650604,0.15539594,0.39450854
2019-04-25,0.74001634,0.4027309,0.38302988,1.6505984,0.43197286,-0.5577434,0.17678364,0.4198448
2019-04-26,0.75390744,0.41270545,0.3932681,1.6866072,0.44127756,-0.55001825,0.19669802,0.444293
2019-04-27,0.7627441,0.42335197,0.40390643,1.7139605,0.44615006,-0.5399941,0.21535796,0.46884352
2019-04-28,0.76777303,0.43379804,0.4139977,1.7358254,0.44826508,-0.52898633,0.2325404,0.4918831
2019-04-29,0.7702409,0.44317108,0.4225949,1.7553694,0.44929734,-0.5183103,0.24802233,0.51179844
2019-04-30,0.77139455,0.45059866,0.4287509,1.7757596,0.4509216,-0.5092814,0.26158077,0.52697617
2019-05-01,0.772286,0.45674935,0.43324578,1.797246,0.4532986,-0.50164396,0.27354074,0.53832537
2019-05-02,0.7731408,0.46287578,0.437512,1.8180518,0.45549664,-0.4942551,0.28441212,0.5479486
2019-05-03,0.77396584,0.4689815,0.44158104,1.8383036,0.45755178,-0.48709917,0.29424918,0.5560231
2019-05-04,0.77476805,0.4750701,0.44548428,1.8581284,0.45950004,-0.48016074,0.3031062,0.5627259
2019-05-05,0.77555436,0.48114505,0.4492532,1.8776531,0.4613775,-0.4734242,0.31103742,0.5682342
2019-05-06,0.7763317,0.48720998,0.45291921,1.8970046,0.46322024,-0.46687403,0.31809714,0.572725
2019-05-07,0.77710694,0.49326834,0.4565138,1.9163096,0.46506426,-0.46049473,0.32433963,0.57637554
2019-05-08,0.777887,0.49932376,0.46006837,1.9356952,0.46694562,-0.4542707,0.3298191,0.57936287
2019-05-09,0.7786788,0.50537974,0.4636144,1.9552879,0.46890038,-0.44818643,0.3345899,0.5818641
2019-05-10,0.7794892,0.51143986,0.46718332,1.975215,0.47096458,-0.4422264,0.33870623,0.5840564
2019-05-11,0.7803252,0.5175076,0.47080654,1.995603,0.4731743,-0.43637508,0.34222236,0.58611685
2019-05-12,0.7811936,0.5235866,0.47451556,2.016579,0.47556558,-0.4306169,0.34519258,0.5882226
2019-05-13,0.78211224,0.52967614,0.47826976,2.0443196,0.47861788,-0.42591017,0.34769428,0.59041834
2019-05-14,0.78309005,0.53577286,0.48200732,2.0840878,0.48271284,-0.42309535,0.3497998,0.5926271
2019-05-15,0.7841206,0.5418758,0.48572794,2.134639,0.48773965,-0.42197996,0.3515559,0.5948435
2019-05-16,0.78519773,0.54798406,0.48943123,2.1947284,0.49358755,-0.42237157,0.35300934,0.59706223
2019-05-17,0.78631496,0.5540969,0.49311686,2.263111,0.5001458,-0.42407775,0.35420683,0.5992779
2019-05-18,0.7874661,0.5602134,0.49678445,2.3385432,0.5073036,-0.42690605,0.3551951,0.6014852
2019-05-19,0.78864473,0.56633276,0.5004337,2.4197795,0.5149502,-0.43066406,0.35602093,0.6036787
2019-05-20,0.7898446,0.5724541,0.50406426,2.5055754,0.5229749,-0.4351593,0.35673103,0.6058531
2019-05-21,0.7910593,0.5785765,0.5076757,2.5946867,0.53126687,-0.44019935,0.35737216,0.6080031
2019-05-22,0.79228264,0.5846992,0.5112677,2.6858687,0.53971535,-0.44559175,0.357991,0.6101232
2019-05-23,0.7935082,0.5908213,0.51484,2.7778764,0.54820955,-0.4511441,0.35863438,0.6122082
2019-05-24,0.7947296,0.59694207,0.51839215,2.8694656,0.5566388,-0.45666397,0.35934898,0.6142526
2019-05-25,0.79594064,0.6030604,0.5219238,2.9593916,0.5648922,-0.46195886,0.36018157,0.61625123
2019-05-26,0.797135,0.6091757,0.5254346,3.0464096,0.57285905,-0.46683636,0.36117885,0.6181986
2019-05-27,0.7983062,0.61528695,0.5289243,3.129275,0.5804286,-0.4711041,0.3623876,0.6200893
2019-05-28,0.79944813,0.6213934,0.53239244,3.2067435,0.5874901,-0.4745695,0.36385453,0.62191814
2019-05-29,0.80055434,0.6274941,0.53583866,3.2775702,0.59393275,-0.47704026,0.3656264,0.62367964
2019-05-30,0.8016185,0.6335883,0.5392627,3.3405108,0.5996458,-0.47832385,0.36774993,0.62536854
2019-05-31,0.8026344,0.6396751,0.5426642,3.3943202,0.6045185,-0.47822788,0.37027186,0.6269794
2019-06-01,0.8035956,0.64575356,0.5460427,3.4377544,0.60844004,-0.4765599,0.37323895,0.62850696
2019-06-02,0.79123914,0.6364075,0.5360793,3.3548253,0.6021371,-0.45433044,0.37768838,0.62958914
2019-06-03,0.7669525,0.61177325,0.5133815,3.1617036,0.5870852,-0.4153252,0.38299268,0.6303784
2019-06-04,0.7527051,0.5951791,0.49883828,3.055382,0.5792973,-0.3935145,0.3867017,0.63164127
2019-06-05,0.7546329,0.59182495,0.4978609,3.0941834,0.58282197,-0.3972735,0.38866237,0.63383144
2019-06-06,0.7631349,0.59095526,0.50123054,3.1945632,0.5903346,-0.41072947,0.390345,0.6367808
2019-06-07,0.77657473,0.5919647,0.50789154,3.340712,0.6007884,-0.4314811,0.39173466,0.64032245
2019-06-08,0.793316,0.5942484,0.51678807,3.516821,0.6131364,-0.45712706,0.39281622,0.6442897
2019-06-09,0.8117224,0.5972011,0.5268644,3.7070804,0.6263318,-0.4852661,0.39357468,0.64851576
2019-06-10,0.8301575,0.60021776,0.53706485,3.8956816,0.6393276,-0.5134968,0.393995,0.6528338
2019-06-11,0.8469851,0.6026932,0.54633373,4.0668154,0.651077,-0.539418,0.39406207,0.65707713
2019-06-12,0.8605687,0.6040223,0.5536152,4.2046723,0.660533,-0.5606282,0.39376095,0.66107893
2019-06-13,0.86927205,0.6036,0.55785364,4.293443,0.6666488,-0.5747262,0.39307657,0.66467243
2019-06-14,0.8714587,0.6008212,0.5579933,4.3173194,0.6683775,-0.5793107,0.39199385,0.6676909
2019-06-15,0.8682119,0.59366333,0.55198544,4.2807794,0.6666616,-0.57550454,0.39062947,0.6699286
2019-06-16,0.8627244,0.58240867,0.540893,4.2119026,0.6636681,-0.56801677,0.38914713,0.6714098
2019-06-17,0.85652393,0.56990933,0.52832776,4.1302795,0.66018677,-0.55982566,0.38760242,0.672312
2019-06-18,0.8511383,0.5590175,0.5179014,4.0555005,0.65700746,-0.55390924,0.38605097,0.6728131
2019-06-19,0.8480953,0.5525852,0.5132257,4.0071573,0.65492,-0.5532457,0.38454834,0.6730908
2019-06-20,0.8484347,0.5568333,0.51768804,4.0059648,0.6547832,-0.55724907,0.38328177,0.6723024
2019-06-21,0.85111994,0.57135147,0.52908134,4.0429463,0.65622467,-0.56267303,0.38229057,0.6697928
2019-06-22,0.8545647,0.5890449,0.5426256,4.0931535,0.65818715,-0.56850505,0.38140848,0.6660207
2019-06-23,0.85718256,0.6028189,0.55354065,4.131637,0.6596133,-0.57373285,0.38046926,0.66144496
2019-06-24,0.8573869,0.60557866,0.55704635,4.133449,0.65944594,-0.57734394,0.3793066,0.6565244
2019-06-25,0.8448545,0.59493464,0.5493209,3.878779,0.6441596,-0.577318,0.34935078,0.64317816
2019-06-26,0.8289024,0.5825467,0.541265,3.5776484,0.6254116,-0.57612467,0.3207857,0.62899345
2019-06-27,0.83512056,0.57545686,0.543113,3.6799464,0.63018686,-0.5858703,0.33181727,0.6352505
2019-06-28,0.8537522,0.57192457,0.5481596,3.9694374,0.6460553,-0.6038581,0.35153577,0.6526314
2019-06-29,0.8596518,0.5727553,0.5482991,4.066734,0.6506115,-0.6136054,0.36423227,0.65919983
2019-06-30,0.8175939,0.61109287,0.5361336,3.6882472,0.6245491,-0.5346494,0.36820772,0.64434224
2019-07-01,0.77803874,0.6471724,0.5235974,3.329668,0.5994575,-0.45717117,0.36925733,0.63054395
2019-07-02,0.7747584,0.64538246,0.51795787,3.2568507,0.5937408,-0.46048287,0.36729732,0.626533
2019-07-03,0.77253187,0.6425501,0.5125608,3.2077034,0.58973014,-0.4642147,0.36522058,0.62257224
2019-07-04,0.77125347,0.6387751,0.50741696,3.1798356,0.5872546,-0.46832648,0.36302438,0.6186767
2019-07-05,0.7708177,0.63415736,0.50253695,3.170858,0.5861435,-0.47277802,0.36070597,0.61486125
2019-07-06,0.7711189,0.62879664,0.49793142,3.1783807,0.58622605,-0.47752914,0.3582627,0.6111408
2019-07-07,0.7720513,0.62279266,0.49361107,3.200014,0.5873316,-0.4825396,0.35569173,0.6075303
2019-07-08,0.7735094,0.61624527,0.4895865,3.2333682,0.58928925,-0.48776922,0.35299045,0.6040446
2019-07-09,0.7753876,0.60925424,0.48586842,3.2760534,0.5919283,-0.4931778,0.35015607,0.60069865
2019-07-10,0.77758014,0.6019195,0.48246747,3.3256798,0.59507805,-0.49872515,0.3471859,0.59750736
2019-07-11,0.7799815,0.5943406,0.47939426,3.3798575,0.59856766,-0.50437105,0.34407726,0.59448564
2019-07-12,0.782486,0.5866176,0.4766595,3.436197,0.60222644,-0.51007533,0.34082732,0.5916484
2019-07-13,0.78498805,0.5788501,0.4742738,3.4923084,0.60588366,-0.5157978,0.33743346,0.5890106
2019-07-14,0.78738195,0.571138,0.47224787,3.545802,0.60936844,-0.52149826,0.3338929,0.58658713
2019-07-15,0.78956217,0.5635811,0.47059232,3.594288,0.6125102,-0.52713645,0.33020294,0.58439285
2019-07-16,0.791423,0.5562792,0.4693178,3.6353765,0.61513805,-0.5326722,0.32636085,0.58244276
2019-07-17,0.79285884,0.549332,0.468435,3.666678,0.6170813,-0.53806543,0.3223639,0.5807517
2019-07-18,0.79376405,0.54283947,0.46795455,3.6858025,0.6181691,-0.5432758,0.31820944,0.5793347
2019-07-19,0.79403305,0.53690124,0.4678871,3.69036,0.6182309,-0.5482631,0.31389463,0.5782065
2019-07-20,0.79356015,0.53161716,0.4682433,3.6779613,0.6170957,-0.5529872,0.30941683,0.5773821
2019-07-21,0.7922397,0.5270871,0.46903384,3.6462162,0.6145929,-0.5574079,0.3047733,0.57687646
2019-07-22,0.78996617,0.52341074,0.47026935,3.592735,0.6105517,-0.56148505,0.29996133,0.57670444
2019-07-23,0.78663385,0.520688,0.4719605,3.5151281,0.6048014,-0.56517833,0.29497817,0.576881
2019-07-24,0.7821371,0.5190186,0.47411793,3.4110055,0.5971712,-0.56844765,0.28982112,0.577421
2019-07-25,0.77660054,0.51778954,0.48075223,3.2329314,0.58451146,-0.57175124,0.28098673,0.57946414
2019-07-26,0.77138644,0.5170052,0.48588938,3.083895,0.5735669,-0.5742192,0.27450264,0.580959
2019-07-27,0.76704293,0.51683354,0.48502406,3.0277061,0.56868714,-0.5745872,0.274085,0.5801978
2019-07-28,0.76293766,0.51674736,0.48368236,2.9789429,0.5644097,-0.5731319,0.27390224,0.5787331
2019-07-29,0.7590507,0.5167302,0.48194492,2.9370053,0.5606867,-0.57013226,0.2739267,0.57668424
2019-07-30,0.7553621,0.5167656,0.47989237,2.9012933,0.5574706,-0.56586736,0.27413073,0.5741706
2019-07-31,0.7518519,0.516837,0.47760543,2.8712068,0.55471355,-0.56061625,0.2744866,0.5713115
2019-08-01,0.7485003,0.5169279,0.47516474,2.8461454,0.55236787,-0.554658,0.2749667,0.56822634
2019-08-02,0.7452872,0.51702183,0.47265092,2.8255093,0.5503857,-0.54827154,0.27554324,0.56503445
2019-08-03,0.7421927,0.51710236,0.4701447,2.8086982,0.54871947,-0.54173595,0.2761886,0.5618552
2019-08-04,0.73919696,0.51715285,0.46772668,2.7951121,0.5473214,-0.53533024,0.2768751,0.55880785
2019-08-05,0.73627996,0.51715696,0.46547756,2.7841508,0.5461437,-0.5293335,0.27757508,0.55601186
2019-08-06,0.7334218,0.51709807,0.463478,2.7752144,0.54513866,-0.52402467,0.2782608,0.55358654
2019-08-07,0.73060256,0.5169597,0.46180865,2.7677026,0.54425853,-0.5196829,0.27890462,0.55165124
2019-08-08,0.72780234,0.5167255,0.46055016,2.7610154,0.5434556,-0.51658714,0.27947885,0.5503253
2019-08-09,0.72622734,0.51635206,0.45971826,2.762735,0.5434278,-0.5154404,0.28008825,0.5498437
2019-08-10,0.7268677,0.5158148,0.4592336,2.7792373,0.54475796,-0.516511,0.28084102,0.5502653
2019-08-11,0.7293792,0.51512516,0.45903438,2.8081133,0.5472254,-0.51942587,0.2817147,0.5514446
2019-08-12,0.7334176,0.5142946,0.4590587,2.8469536,0.5506096,-0.52381194,0.28268677,0.55323637
2019-08-13,0.73863876,0.5133347,0.45924467,2.8933494,0.55469006,-0.52929604,0.28373474,0.5554953
2019-08-14,0.7446984,0.5122567,0.45953044,2.9448912,0.5592462,-0.5355052,0.28483614,0.5580761
2019-08-15,0.75125235,0.51107216,0.45985416,2.99917,0.5640574,-0.5420662,0.28596842,0.5608334
2019-08-16,0.7579564,0.50979245,0.46015397,3.0537765,0.5689032,-0.54860616,0.28710917,0.563622
2019-08-17,0.76446635,0.5084291,0.46036795,3.1063018,0.57356304,-0.55475193,0.2882358,0.56629646
2019-08-18,0.77043796,0.50699353,0.4604343,3.1543362,0.57781625,-0.56013036,0.28932592,0.56871164
2019-08-19,0.775527,0.50549716,0.46029112,3.1954708,0.5814424,-0.5643684,0.29035696,0.5707221
2019-08-20,0.7793893,0.5039515,0.45987654,3.2272964,0.5842209,-0.5670931,0.29130644,0.5721826
2019-08-21,0.7816807,0.5023679,0.4591287,3.2474039,0.5859311,-0.56793123,0.2921519,0.5729478
2019-08-22,0.7820569,0.5007579,0.45798576,3.253384,0.5863526,-0.5665098,0.2928708,0.57287246
2019-08-23,0.7801738,0.49913287,0.45638582,3.2428277,0.58526474,-0.56245565,0.29344067,0.5718112
2019-08-24,0.7623907,0.494828,0.45071176,2.9774745,0.56629604,-0.5480347,0.27441064,0.56623
2019-08-25,0.7413348,0.49023634,0.44312286,2.7239113,0.54677594,-0.52981037,0.2515966,0.56019056
2019-08-26,0.7322824,0.48891443,0.43796423,2.7279272,0.5440251,-0.5171596,0.24885926,0.55835575
2019-08-27,0.7246238,0.48919833,0.4338439,2.7320745,0.5418414,-0.5056002,0.2532293,0.5576388
2019-08-28,0.71858776,0.4908558,0.4307591,2.736359,0.5402711,-0.49541682,0.2623393,0.5576633
2019-08-29,0.71440274,0.49365473,0.42870694,2.7407856,0.5393606,-0.486894,0.27382195,0.5580527
2019-08-30,0.71229744,0.49736282,0.42768458,2.7453601,0.53915626,-0.48031634,0.28530982,0.55843055
2019-08-31,0.7125004,0.5017479,0.42768922,2.750088,0.5397045,-0.47596845,0.29443562,0.5584204
2019-09-01,0.7152403,0.50657773,0.42871797,2.7549746,0.5410516,-0.47413486,0.2988319,0.55764574
2019-09-02,0.7207457,0.5116201,0.430768,2.7600253,0.543244,-0.4751002,0.29613137,0.5557301
2019-09-03,0.73616624,0.52264494,0.45750323,2.7651668,0.5466443,-0.5057209,0.27982187,0.55032444
2019-09-04,0.74897635,0.53118527,0.48282552,2.7702985,0.54936045,-0.53678876,0.26733235,0.54598093
2019-09-05,0.75069416,0.5307984,0.48219863,2.7753308,0.55053765,-0.54001665,0.26797658,0.54564035
2019-09-06,0.75236344,0.52949214,0.48089856,2.7802062,0.55155396,-0.54300314,0.26870176,0.54557717
2019-09-07,0.75398815,0.52735454,0.47899783,2.7849383,0.55242324,-0.545764,0.26950207,0.5457669
2019-09-08,0.75557226,0.52447385,0.47656894,2.7895412,0.5531595,-0.54831517,0.27037176,0.5461853
2019-09-09,0.7571197,0.52093816,0.4736844,2.7940285,0.5537765,-0.5506724,0.27130505,0.54680794
2019-09-10,0.75863457,0.5168355,0.47041672,2.7984138,0.55428827,-0.55285156,0.2722962,0.54761046
2019-09-11,0.76012075,0.5122542,0.46683845,2.8027105,0.55470866,-0.5548684,0.27333936,0.54856855
2019-09-12,0.76158226,0.50728214,0.46302205,2.806933,0.5550516,-0.55673885,0.27442878,0.5496578
2019-09-13,0.763023,0.5020076,0.4590401,2.8110943,0.555331,-0.5584787,0.27555874,0.5508539
2019-09-14,0.76444703,0.49651867,0.45496508,2.8152084,0.55556077,-0.56010383,0.27672338,0.5521324
2019-09-15,0.76585823,0.4909035,0.45086953,2.8192892,0.5557548,-0.56162995,0.277917,0.55346906
2019-09-16,0.7672607,0.4852502,0.44682592,2.8233502,0.555927,-0.563073,0.2791338,0.5548394
2019-09-17,0.7686583,0.4796469,0.44290683,2.827405,0.5560913,-0.5644488,0.28036797,0.5562191
2019-09-18,0.770055,0.47418168,0.4391847,2.8314674,0.55626154,-0.5657731,0.28161377,0.5575838
2019-09-19,0.7714549,0.46894273,0.43573213,2.835551,0.55645174,-0.56706184,0.28286543,0.5589092
2019-09-20,0.7728618,0.4640182,0.43262154,2.83967,0.55667573,-0.56833076,0.28411713,0.56017077
2019-09-21,0.7742798,0.4594961,0.42992553,2.8438373,0.55694747,-0.56959575,0.28536317,0.5613443
2019-09-22,0.7757128,0.4554647,0.42771658,2.8480673,0.5572808,-0.57087266,0.2865977,0.56240547
2019-09-23,0.77712476,0.4521067,0.42606136,2.8500764,0.5574953,-0.57204175,0.28790078,0.56360143
2019-09-24,0.7784796,0.44948408,0.42493096,2.847779,0.55741614,-0.5729802,0.28934333,0.56516343
2019-09-25,0.77978146,0.4475034,0.42425454,2.8414838,0.55706567,-0.5736991,0.2909061,0.5670431
2019-09-26,0.7810345,0.44607136,0.42396125,2.8315,0.55646634,-0.5742097,0.29256976,0.56919205
2019-09-27,0.78224283,0.4450946,0.4239803,2.818137,0.55564046,-0.5745229,0.29431498,0.5715618
2019-09-28,0.78341055,0.4444798,0.4242408,2.8017035,0.5546105,-0.57465,0.29612246,0.57410395
2019-09-29,0.7845417,0.4441336,0.42467192,2.7825086,0.5533987,-0.574602,0.2979729,0.5767701
2019-09-30,0.7856406,0.4439627,0.42520285,2.7608616,0.5520275,-0.57439005,0.29984692,0.5795119
2019-10-01,0.78671116,0.44387373,0.42576274,2.7370718,0.55051935,-0.5740253,0.3017253,0.5822808
2019-10-02,0.78775764,0.44377333,0.42628077,2.711448,0.54889655,-0.57351875,0.30358863,0.5850285
2019-10-03,0.7887841,0.4435682,0.42668605,2.6842992,0.5471815,-0.5728816,0.3054177,0.5877066
2019-10-04,0.7897946,0.44316497,0.4269078,2.6559346,0.5453965,-0.57212496,0.30719307,0.5902666
2019-10-05,0.79079336,0.4424703,0.42687514,2.6266637,0.5435641,-0.5712599,0.30889556,0.5926601
2019-10-06,0.79178447,0.44139087,0.42651728,2.596795,0.54170644,-0.5702976,0.31050575,0.59483874
2019-10-07,0.79277205,0.43983334,0.42576334,2.566638,0.5398461,-0.56924915,0.3120044,0.5967541
2019-10-08,0.74741,0.39461112,0.40074137,2.3588388,0.50871897,-0.53303313,0.28962618,0.5525773
2019-10-09,0.6380407,0.28927177,0.34243733,1.9071388,0.43720305,-0.44853118,0.23425871,0.44480675
2019-10-10,0.5077011,0.16382325,0.27306724,1.3784901,0.35253406,-0.34869865,0.1678619,0.31588438
2019-10-11,0.39942786,0.058273476,0.21484715,0.9398446,0.28194755,-0.26649103,0.112395644,0.2082523
2019-10-12,0.35625792,0.012630379,0.18999314,0.75815433,0.2526792,-0.23486377,0.08981989,0.16435252
2019-10-13,0.47156882,0.26440865,0.30324817,1.0573604,0.32273042,-0.30062714,0.15603518,0.30956638
2019-10-14,0.59110534,0.5153649,0.4159415,1.372929,0.39521828,-0.36998302,0.22320326,0.45679215
2019-10-15,0.60318977,0.51087123,0.414034,1.4081919,0.40051305,-0.38183036,0.22622673,0.46279866
2019-10-16,0.61501354,0.50548255,0.41208652,1.443341,0.40567115,-0.39364496,0.22907743,0.46849835
2019-10-17,0.626468,0.4993439,0.4100945,1.4779058,0.41063076,-0.4053349,0.2317109,0.47382426
2019-10-18,0.6374444,0.49260032,0.40805352,1.5114154,0.4153302,-0.41680837,0.23408267,0.47870937
2019-10-19,0.64783394,0.48539683,0.40595907,1.5433995,0.4197076,-0.42797348,0.2361483,0.48308676
2019-10-20,0.6575281,0.47787848,0.40380666,1.5733875,0.42370126,-0.43873838,0.23786333,0.48688942
2019-10-21,0.66641796,0.4701903,0.4015918,1.6009089,0.42724937,-0.44901124,0.23918329,0.4900504
2019-10-22,0.6743949,0.46247733,0.39931005,1.6254929,0.43029016,-0.45870015,0.24006371,0.4925027
2019-10-23,0.68135023,0.45488462,0.3969569,1.6466691,0.4327619,-0.4677133,0.24046017,0.49417934
2019-10-24,0.68717515,0.44755718,0.39452782,1.663967,0.43460277,-0.4759588,0.24032818,0.49501336
2019-10-25,0.691761,0.44064006,0.39201844,1.6769159,0.435751,-0.4833448,0.23962328,0.49493778
2019-10-26,0.69499904,0.4342783,0.38942418,1.6850452,0.43614483,-0.48977944,0.23830102,0.4938856
2019-10-27,0.69678056,0.42861697,0.3867406,1.6878846,0.43572247,-0.49517086,0.23631696,0.49178988
2019-10-28,0.69699687,0.42380106,0.38396317,1.6849631,0.4344222,-0.49942723,0.2336266,0.48858362
2019-10-29,0.6955392,0.4199756,0.38108748,1.6758106,0.4321822,-0.50245667,0.23018552,0.48419988
2019-10-30,0.6932703,0.4166663,0.37816662,1.6635699,0.42948788,-0.5048793,0.22638564,0.4792587
2019-10-31,0.69111943,0.4133043,0.37525633,1.6516777,0.4268625,-0.5073726,0.22264567,0.4744201
2019-11-01,0.68907756,0.40989283,0.37235594,1.6401037,0.4243009,-0.50993043,0.21896137,0.46967727
2019-11-02,0.68713564,0.4064351,0.3694648,1.6288174,0.42179805,-0.5125468,0.21532845,0.46502322
2019-11-03,0.68528473,0.40293443,0.36658233,1.6177884,0.4193488,-0.51521564,0.21174264,0.46045104
2019-11-04,0.6835158,0.39939404,0.36370784,1.6069865,0.41694808,-0.5179309,0.20819968,0.4559538
2019-11-05,0.68181974,0.3958172,0.3608407,1.5963813,0.4145908,-0.5206867,0.2046953,0.4515246
2019-11-06,0.68018764,0.3922071,0.35798028,1.5859424,0.41227186,-0.52347684,0.2012252,0.4471565
2019-11-07,0.67861044,0.388567,0.35512593,1.5756392,0.40998614,-0.5262953,0.19778515,0.44284254
2019-11-08,0.6770792,0.38490015,0.35227698,1.5654417,0.40772858,-0.52913606,0.19437087,0.43857583
2019-11-09,0.6755848,0.38120985,0.34943286,1.5553193,0.40549406,-0.53199315,0.19097807,0.43434945
2019-11-10,0.6741183,0.37749928,0.34659287,1.5452416,0.40327752,-0.5348605,0.18760248,0.43015647
2019-11-11,0.6726706,0.37377173,0.34375638,1.5351784,0.4010738,-0.537732,0.18423985,0.42599
2019-11-12,0.6712328,0.37003043,0.34092277,1.5250993,0.3988779,-0.54060173,0.1808859,0.42184302
2019-11-13,0.6697959,0.36627865,0.33809137,1.5149738,0.39668465,-0.5434636,0.17753635,0.4177087
2019-11-14,0.6683507,0.36251956,0.33526158,1.5047715,0.394489,-0.5463115,0.17418694,0.41358006
2019-11-15,0.66688836,0.3587565,0.33243275,1.4944621,0.3922858,-0.54913956,0.17083341,0.4094502
2019-11-16,0.66539985,0.3549927,0.3296042,1.4840155,0.39007,-0.5519416,0.16747148,0.4053122
2019-11-17,0.66387606,0.35123134,0.3267753,1.4734008,0.3878365,-0.55471164,0.16409686,0.4011591
2019-11-18,0.6623081,0.34747574,0.32394546,1.4625881,0.38558018,-0.5574436,0.16070531,0.39698404
2019-11-19,0.66068685,0.3437291,0.321114,1.4515468,0.38329598,-0.56013155,0.15729254,0.39278004
2019-11-20,0.6590034,0.3399947,0.3182803,1.4402465,0.38097876,-0.56276935,0.15385428,0.38854018
2019-11-21,0.6572486,0.33627576,0.3154437,1.4286569,0.3786235,-0.565351,0.15038627,0.38425756
2019-11-22,0.65541357,0.33257556,0.31260353,1.4167477,0.37622502,-0.5678705,0.14688425,0.37992525
2019-11-23,0.65348923,0.3288973,0.30975923,1.4044883,0.37377828,-0.57032174,0.14334391,0.3755363
2019-11-24,0.65146655,0.32524428,0.3069101,1.3918486,0.3712782,-0.5726988,0.13976102,0.37108383
2019-11-25,0.6493366,0.32161972,0.3040555,1.378798,0.3687196,-0.5749955,0.13613127,0.36656085
2019-11-26,0.64709026,0.31802687,0.30119482,1.3653064,0.36609748,-0.5772059,0.13245043,0.3619605
2019-11-27,0.6447186,0.31446895,0.2983274,1.3513432,0.3634067,-0.5793239,0.1287142,0.35727584
2019-11-28,0.64221257,0.31094927,0.2954526,1.336878,0.36064214,-0.58134353,0.124918334,0.3524999
2019-11-29,0.63956314,0.307471,0.2925698,1.3218806,0.35779876,-0.58325875,0.121058546,0.34762582
2019-11-30,0.63676137,0.30403745,0.2896783,1.3063204,0.35487142,-0.58506346,0.11713056,0.34264663
2019-12-01,0.6337981,0.30065185,0.28677753,1.2901673,0.35185507,-0.5867517,0.11313012,0.33755544
2019-12-02,0.6306645,0.29731742,0.28386682,1.2733908,0.34874457,-0.5883174,0.10905295,0.3323453
2019-12-03,0.62735146,0.29403743,0.28094554,1.2559605,0.34553486,-0.5897545,0.10489477,0.3270093
2019-12-04,0.6238499,0.29081511,0.27801302,1.237846,0.3422208,-0.591057,0.10065133,0.32154047
2019-12-05,0.620151,0.28765374,0.27506867,1.2190171,0.3387974,-0.5922189,0.09631834,0.31593198
2019-12-06,0.61624557,0.28455657,0.2721118,1.1994433,0.3352594,-0.59323406,0.091891535,0.31017682
2019-12-07,0.6121246,0.2815268,0.2691418,1.1790942,0.33160186,-0.5940965,0.08736665,0.3042681
2019-12-08,0.60777926,0.2785677,0.266158,1.1579394,0.3278196,-0.5948002,0.08273941,0.29819885
2019-12-09,0.6032003,0.27568254,0.2631598,1.1359488,0.32390755,-0.5953391,0.078005545,0.29196224
2019-12-10,0.59837884,0.2728745,0.26014653,1.1130916,0.3198606,-0.5957072,0.07316078,0.28555125
2019-12-11,0.5933059,0.2701469,0.25711757,1.0893378,0.31567368,-0.5958984,0.06820086,0.27895904
2019-12-12,0.58797234,0.26750296,0.25407225,1.0646569,0.31134167,-0.59590673,0.06312149,0.2721786
2019-12-13,0.5823692,0.26494595,0.25100997,1.0390184,0.3068595,-0.59572613,0.057918422,0.26520306
2019-12-14,0.57648754,0.26247907,0.24793005,1.012392,0.30222204,-0.59535056,0.052587375,0.25802547
2019-12-15,0.5703183,0.26010558,0.24483187,0.9847475,0.29742423,-0.59477395,0.047124077,0.25063893
2019-12-16,0.5638524,0.25782874,0.24171479,0.9560544,0.29246098,-0.5939903,0.04152426,0.24303652
2019-12-17,0.5570809,0.25565183,0.23857817,0.9262822,0.28732717,-0.5929936,0.03578366,0.23521128
2019-12-18,0.54999477,0.25357804,0.23542137,0.89540076,0.28201768,-0.59177786,0.029897995,0.22715631
2019-12-19,0.542585,0.2516106,0.23224375,0.86337954,0.2765275,-0.59033686,0.023863003,0.21886466
2019-12-20,0.5348426,0.24975285,0.22904465,0.8301883,0.27085143,-0.58866477,0.017674407,0.21032944
2019-12-21,0.5267585,0.24800795,0.22582345,0.7957965,0.26498446,-0.5867554,0.011327942,0.20154372
